energy,tempo,danceability,playlist_genre,loudness,valence,speechiness,track_popularity,duration_ms
0.592,157.969,0.521,pop,-7.777,0.535,0.0304,100,251668
0.507,104.978,0.747,pop,-10.171,0.438,0.0358,97,210373
0.808,108.548,0.554,pop,-4.169,0.372,0.0368,93,166300
0.91,112.966,0.67,pop,-4.07,0.786,0.0634,81,157280
0.783,149.027,0.777,pop,-4.477,0.939,0.26,98,169917
0.582,116.712,0.7,pop,-5.96,0.785,0.0356,94,218424
0.561,150.069,0.669,pop,-6.538,0.841,0.0411,88,169698
0.247,148.101,0.467,pop,-12.002,0.126,0.0431,93,261467
0.416,94.926,0.492,pop,-10.439,0.297,0.0254,71,211979
0.722,119.973,0.769,pop,-5.485,0.57,0.0507,92,256000
0.667,130.019,0.776,pop,-6.622,0.618,0.0983,85,145219
0.586,107.071,0.669,pop,-6.073,0.579,0.054,88,186365
0.806,104.032,0.608,pop,-3.443,0.587,0.0486,79,181821
0.709,81.012,0.722,pop,-4.95,0.604,0.0273,86,171292
0.757,139.982,0.742,pop,-4.981,0.957,0.0421,88,184841
0.917,100.987,0.562,pop,-2.768,0.501,0.117,86,229997
0.787,109.939,0.734,pop,-3.951,0.672,0.116,82,155757
0.843,122.064,0.619,pop,-5.348,0.746,0.0284,86,204829
0.406,115.94,0.53,pop,-7.507,0.338,0.033,90,157147
0.782,119.992,0.727,pop,-8.529,0.655,0.042,86,177599
0.812,80.09,0.505,pop,-3.986,0.664,0.461,88,255916
0.76,103.969,0.701,pop,-5.478,0.69,0.0285,90,175459
0.725,116.988,0.894,pop,-4.984,0.838,0.0432,89,136627
0.563,105.008,0.833,pop,-5.593,0.343,0.204,82,182857
0.628,119.98,0.757,pop,-6.715,0.321,0.101,85,217333
0.855,127.986,0.638,pop,-4.86,0.731,0.0264,84,178206
0.62,117.038,0.741,pop,-5.505,0.934,0.0412,77,251424
0.339,97.989,0.705,pop,-10.612,0.457,0.0278,84,236907
0.651,112.648,0.694,pop,-6.968,0.471,0.0784,93,225881
0.601,123.994,0.635,pop,-6.129,0.332,0.0295,88,172533
0.691,167.029,0.836,pop,-4.222,0.703,0.363,70,149461
0.646,115.842,0.645,pop,-8.334,0.295,0.0427,81,228639
0.471,105.029,0.472,pop,-5.692,0.219,0.0603,85,180304
0.709,194.055,0.744,pop,-5.778,0.712,0.284,84,130880
0.904,167.033,0.739,pop,-2.655,0.788,0.0442,85,129883
0.604,159.92,0.561,pop,-4.409,0.242,0.0337,89,210689
0.668,90.969,0.646,pop,-5.203,0.64,0.0282,82,148318
0.668,128.027,0.924,pop,-6.795,0.787,0.0469,93,195824
0.454,159.982,0.689,pop,-7.643,0.912,0.0584,89,159246
0.386,192.004,0.504,pop,-10.976,0.281,0.0308,84,228965
0.681,155.079,0.56,pop,-6.304,0.388,0.244,89,223320
0.472,101.061,0.898,pop,-7.001,0.214,0.0776,88,274192
0.711,146.921,0.487,pop,-4.22,0.317,0.0322,85,151647
0.712,91.98,0.848,pop,-3.574,0.692,0.0981,84,298131
0.645,114.933,0.882,pop,-7.233,0.788,0.0601,87,104419
0.872,184.115,0.466,pop,-3.344,0.806,0.0336,89,190428
0.756,116.034,0.66,pop,-3.743,0.838,0.032,92,170888
0.508,147.125,0.579,rock,-9.484,0.609,0.027,81,391376
0.89,133.52,0.502,rock,-5.175,0.259,0.0364,83,292880
0.446,123.596,0.743,rock,-7.807,0.278,0.0683,82,232107
0.43,91.844,0.515,rock,-9.935,0.104,0.0372,86,238640
0.824,120.125,0.5,rock,-5.846,0.539,0.0388,76,218920
0.767,96.483,0.592,rock,-2.788,0.328,0.027,81,329733
0.952,125.304,0.445,rock,-5.321,0.624,0.0522,84,356067
0.795,158.691,0.464,rock,-9.267,0.612,0.0926,81,202267
0.492,120.151,0.828,rock,-9.744,0.789,0.0276,84,257800
0.881,158.066,0.413,rock,-5.541,0.364,0.0367,81,250547
0.716,94.379,0.535,rock,-5.025,0.901,0.0431,77,175173
0.322,93.503,0.475,rock,-10.687,0.387,0.0283,79,206267
0.394,104.114,0.693,rock,-15.882,0.721,0.0428,74,238747
0.899,152.445,0.475,rock,-4.321,0.603,0.0637,72,230667
0.943,85.064,0.442,rock,-3.205,0.781,0.0602,80,181533
0.345,84.581,0.559,rock,-13.496,0.458,0.0459,82,264307
0.814,147.193,0.673,rock,-5.411,0.728,0.0367,70,252200
0.767,127.361,0.532,rock,-5.509,0.755,0.0574,81,210173
0.863,136.302,0.723,rock,-7.89,0.931,0.0338,76,222813
0.449,100.456,0.486,rock,-10.298,0.549,0.0267,76,254293
0.902,89.74,0.412,rock,-11.6,0.422,0.405,72,333893
0.722,103.886,0.55,rock,-11.729,0.716,0.0283,70,434720
0.944,105.338,0.394,rock,-6.506,0.265,0.0761,77,292581
0.952,122.093,0.398,rock,-6.042,0.584,0.061,72,278680
0.917,171.176,0.356,rock,-6.006,0.518,0.0479,79,357267
0.589,124.634,0.455,rock,-8.64,0.254,0.0328,75,283733
0.805,113.253,0.438,rock,-6.237,0.564,0.0624,72,240800
0.239,189.507,0.446,rock,-13.945,0.298,0.0316,76,336453
0.521,123.118,0.721,rock,-8.123,0.942,0.0613,76,261413
0.67,129.269,0.619,rock,-10.322,0.777,0.0353,71,211933
0.828,105.25,0.539,rock,-9.108,0.562,0.035,70,515387
0.487,114.965,0.73,rock,-10.991,0.731,0.0303,79,226653
0.697,116.109,0.741,rock,-7.028,0.774,0.0277,84,160133
0.579,127.215,0.62,rock,-9.307,0.691,0.0473,69,225627
0.912,116.761,0.502,rock,-4.556,0.72,0.0564,76,301920
0.833,88.785,0.466,rock,-4.215,0.661,0.304,78,313573
0.376,164.775,0.53,rock,-11.913,0.188,0.04,75,259947
0.786,126.755,0.482,rock,-5.735,0.793,0.032,73,323000
0.789,129.802,0.674,rock,-6.903,0.918,0.0676,78,121160
0.441,81.334,0.519,rock,-14.178,0.25,0.0353,76,234973
0.836,113.375,0.743,rock,-6.465,0.82,0.116,80,188987
0.528,109.975,0.932,rock,-6.472,0.757,0.161,71,214653
0.905,128.019,0.602,rock,-4.046,0.411,0.0775,75,304840
0.519,98.883,0.653,rock,-10.164,0.822,0.0497,76,153693
0.946,138.18,0.454,rock,-5.978,0.647,0.13,68,156147
0.828,105.435,0.35,rock,-5.373,0.147,0.041,76,318587
0.349,124.348,0.489,rock,-14.295,0.622,0.0323,70,196467
0.872,159.925,0.587,rock,-5.066,0.735,0.0484,73,221333
0.808,151.008,0.577,rock,-7.04,0.869,0.039,75,290280
0.758,112.113,0.489,rock,-6.491,0.435,0.0297,72,371413
0.932,112.937,0.564,rock,-10.068,0.619,0.0554,75,146250
0.338,177.765,0.388,rock,-10.054,0.478,0.0329,76,303373
0.7,188.386,0.31,rock,-5.678,0.763,0.047,83,255493
0.691,137.145,0.548,rock,-13.553,0.667,0.0369,74,261933
0.532,136.576,0.601,rock,-9.119,0.342,0.0286,79,281613
0.641,203.006,0.256,rock,-10.283,0.382,0.0552,79,281160
0.755,109.535,0.667,rock,-7.246,0.883,0.069,68,286220
0.373,92.718,0.671,rock,-18.064,0.732,0.0323,83,295893
0.927,141.466,0.333,rock,-8.55,0.385,0.0733,75,308120
0.787,126.879,0.767,rock,-9.897,0.964,0.0331,77,266200
0.366,127.163,0.472,rock,-12.595,0.171,0.0286,71,382297
0.864,81.394,0.437,rock,-7.842,0.749,0.0904,69,295387
0.584,170.411,0.509,rock,-4.907,0.685,0.057,69,278747
0.912,117.399,0.575,rock,-7.275,0.843,0.0393,69,207267
0.611,85.387,0.654,rock,-10.45,0.786,0.119,69,235000
0.482,138.453,0.529,rock,-11.709,0.492,0.0599,74,516893
0.748,134.114,0.618,rock,-8.905,0.663,0.358,77,191947
0.7,147.245,0.586,rock,-9.558,0.897,0.0363,69,295400
0.318,104.522,0.575,rock,-16.729,0.385,0.109,74,254173
0.706,80.823,0.445,rock,-9.803,0.768,0.0461,70,266720
0.913,115.728,0.574,rock,-4.793,0.423,0.133,84,208400
0.495,124.936,0.532,rock,-6.662,0.308,0.0343,79,214240
0.875,75.009,0.284,rock,-6.069,0.595,0.0422,73,340907
0.737,103.867,0.662,rock,-9.54,0.744,0.0296,69,329800
0.936,91.577,0.666,rock,-9.919,0.776,0.0476,72,282907
0.432,94.605,0.475,rock,-7.844,0.648,0.0302,79,153467
0.549,176.941,0.516,rock,-13.741,0.907,0.0373,73,288733
0.751,89.839,0.421,rock,-9.584,0.789,0.0472,72,145867
0.938,168.131,0.324,rock,-7.332,0.543,0.102,71,178440
0.953,84.989,0.267,rock,-4.899,0.568,0.096,72,267307
0.919,135.997,0.465,rock,-4.025,0.537,0.0408,73,235293
0.58,127.402,0.741,rock,-9.05,0.944,0.0304,70,171267
0.72,121.864,0.404,rock,-9.18,0.475,0.0623,73,258467
0.927,170.814,0.215,rock,-7.327,0.49,0.0452,72,194853
0.801,133.769,0.651,rock,-7.34,0.776,0.0514,70,200480
0.262,122.861,0.481,rock,-15.73,0.375,0.0414,75,334744
0.449,84.383,0.623,rock,-13.333,0.573,0.0253,75,256000
0.476,148.117,0.389,rock,-9.342,0.566,0.0316,73,217107
0.978,141.167,0.526,rock,-5.436,0.451,0.108,72,210227
0.842,100.127,0.297,rock,-7.457,0.586,0.0488,72,206773
0.944,146.347,0.27,rock,-4.199,0.606,0.0975,70,269920
0.182,136.094,0.349,jazz,-13.507,0.178,0.031,69,191973
0.164,58.303,0.136,classical,-18.756,0.071,0.0364,68,166867
0.00527,170.612,0.184,classical,-37.264,0.151,0.0432,68,315427
0.449,92.468,0.447,classical,-10.634,0.036,0.0376,75,315427
0.812,80.09,0.505,hip-hop,-3.986,0.664,0.461,88,255916
0.507,130.007,0.872,hip-hop,-6.323,0.506,0.072,76,158667
0.802,128.085,0.835,hip-hop,-4.286,0.374,0.243,71,143778
0.533,120.011,0.794,hip-hop,-8.206,0.15,0.0591,73,179023
0.722,119.973,0.769,hip-hop,-5.485,0.57,0.0507,92,256000
0.684,166.976,0.832,hip-hop,-4.691,0.68,0.359,78,149461
0.642,111.907,0.65,hip-hop,-5.332,0.186,0.04,70,127154
0.699,129.054,0.92,hip-hop,-6.635,0.484,0.358,72,138180
0.628,119.98,0.757,hip-hop,-6.715,0.321,0.101,85,217333
0.709,78.53,0.749,hip-hop,-6.385,0.564,0.259,73,181166
0.69,125.951,0.853,hip-hop,-5.858,0.471,0.0647,78,137143
0.754,131.001,0.863,hip-hop,-5.851,0.301,0.0611,77,139197
0.4,106.682,0.608,hip-hop,-9.519,0.089,0.32,69,159228
0.509,157.94,0.662,hip-hop,-9.159,0.549,0.322,70,136709
0.663,143.082,0.76,hip-hop,-4.763,0.209,0.0551,81,148053
0.761,147.216,0.649,hip-hop,-4.204,0.313,0.152,73,150204
0.663,184.057,0.672,hip-hop,-5.984,0.381,0.243,76,138324
0.681,114.991,0.884,hip-hop,-5.839,0.324,0.149,69,184294
0.723,139.942,0.783,hip-hop,-4.881,0.294,0.135,76,278001
0.831,139.905,0.652,hip-hop,-5.972,0.648,0.264,68,150997
0.525,75.013,0.776,hip-hop,-6.723,0.467,0.137,70,217613
0.5,63.925,0.427,hip-hop,-8.269,0.269,0.141,76,180000
0.586,125.845,0.731,hip-hop,-7.564,0.147,0.172,77,199165
0.552,144.941,0.64,hip-hop,-5.679,0.112,0.129,84,228267
0.472,101.061,0.898,hip-hop,-7.001,0.214,0.0776,88,274192
0.859,129.77,0.77,hip-hop,-3.382,0.64,0.275,85,207273
0.685,121.991,0.731,hip-hop,-4.707,0.458,0.12,72,167229
0.578,124.005,0.916,hip-hop,-6.275,0.192,0.124,74,159894
0.574,146.007,0.694,hip-hop,-6.144,0.286,0.0483,79,126356
0.867,131.041,0.902,hip-hop,-3.108,0.799,0.225,68,132338
0.692,140.203,0.637,hip-hop,-7.231,0.427,0.164,73,164366
0.478,104.563,0.675,hip-hop,-10.201,0.39,0.512,69,210286
0.878,82.557,0.661,hip-hop,-4.099,0.514,0.31,87,165413
0.396,78.022,0.726,hip-hop,-9.121,0.413,0.283,73,197428
0.711,117.038,0.974,hip-hop,-5.206,0.328,0.194,72,126832
0.527,77.499,0.824,hip-hop,-5.506,0.212,0.118,74,155391
0.752,158.042,0.638,hip-hop,-6.227,0.242,0.0385,72,170188
0.826,108.52,0.654,hip-hop,-2.93,0.417,0.354,71,256227
0.472,101.061,0.898,hip-hop,-7.001,0.214,0.0776,88,274192
0.764,140.113,0.882,hip-hop,-5.241,0.886,0.204,81,140733
0.552,144.941,0.64,hip-hop,-5.679,0.112,0.129,84,228267
0.632,123.987,0.848,hip-hop,-7.381,0.253,0.277,68,171198
0.805,142.096,0.548,hip-hop,-5.732,0.649,0.351,76,216387
0.631,121.854,0.772,hip-hop,-5.082,0.433,0.0431,70,173253
0.702,125.089,0.871,hip-hop,-8.025,0.675,0.253,69,131286
0.57,142.974,0.787,hip-hop,-5.881,0.733,0.225,69,223879
0.583,116.624,0.709,hip-hop,-5.298,0.533,0.204,79,182667
0.592,159.98,0.82,hip-hop,-7.002,0.4,0.29,78,196180
0.68,144.006,0.85,hip-hop,-6.18,0.694,0.338,70,173333
0.758,165.409,0.681,hip-hop,-6.524,0.331,0.188,73,220584
0.413,131.964,0.772,hip-hop,-8.194,0.211,0.0891,77,246213
0.658,151.951,0.752,hip-hop,-6.297,0.387,0.342,70,213520
0.732,142.791,0.548,hip-hop,-5.652,0.612,0.336,71,127547
0.676,143.477,0.594,hip-hop,-5.808,0.472,0.344,69,181145
0.618,99.7,0.49,hip-hop,-5.655,0.286,0.104,68,201600
0.35,77.528,0.822,hip-hop,-12.207,0.346,0.574,68,186000
0.946,150.141,0.804,hip-hop,-5.949,0.745,0.352,70,146880
0.626,143.01,0.819,hip-hop,-4.574,0.415,0.202,78,195906
0.592,188.051,0.696,hip-hop,-6.281,0.232,0.319,72,122680
0.547,138.05,0.92,hip-hop,-4.98,0.606,0.272,70,89536
0.395,76.984,0.793,hip-hop,-5.578,0.128,0.385,69,213287
0.774,130.007,0.867,hip-hop,-5.791,0.549,0.315,69,142498
0.449,136.006,0.578,hip-hop,-6.349,0.1,0.286,73,192956
0.673,165.921,0.529,hip-hop,-4.711,0.366,0.175,80,218365
0.73,156.953,0.729,hip-hop,-5.14,0.41,0.261,75,191399
0.487,127.05,0.964,hip-hop,-6.071,0.108,0.421,77,154024
0.732,149.012,0.841,hip-hop,-5.186,0.576,0.19,73,143480
0.611,134.093,0.711,hip-hop,-5.453,0.144,0.33,79,252262
0.733,130.029,0.847,hip-hop,-6.439,0.202,0.16,80,193591
0.48,143.029,0.846,hip-hop,-8.618,0.419,0.359,68,169532
0.575,120.031,0.88,hip-hop,-6.091,0.671,0.163,71,232048
0.727,150.062,0.477,hip-hop,-4.053,0.227,0.286,70,236524
0.495,137.027,0.853,hip-hop,-14.63,0.0774,0.14,68,243228
0.434,150.062,0.833,hip-hop,-8.795,0.281,0.431,81,204600
0.564,77.972,0.856,hip-hop,-6.295,0.483,0.392,70,135960
0.67,139.956,0.79,hip-hop,-5.527,0.408,0.105,75,195950
0.733,97.974,0.825,hip-hop,-5.625,0.62,0.0969,75,190331
0.567,75.965,0.574,hip-hop,-7.126,0.526,0.465,78,229938
0.434,150.062,0.833,hip-hop,-8.795,0.281,0.431,81,204600
0.665,94.329,0.583,hip-hop,-3.885,0.463,0.18,75,155368
0.346,119.957,0.963,hip-hop,-9.309,0.562,0.53,75,142273
0.577,148.107,0.797,hip-hop,-5.617,0.17,0.195,72,206031
0.59,119.97,0.88,hip-hop,-4.709,0.723,0.204,68,170000
0.631,129.902,0.807,hip-hop,-4.883,0.126,0.111,70,213613
0.413,131.964,0.772,hip-hop,-8.194,0.211,0.0891,77,246213
0.822,165.946,0.513,hip-hop,-4.51,0.768,0.383,69,204668
0.666,127.079,0.926,hip-hop,-5.314,0.168,0.244,70,343150
0.575,145.95,0.713,hip-hop,-6.706,0.189,0.0501,72,226400
0.586,124.041,0.808,hip-hop,-7.242,0.568,0.169,68,263288
0.676,162.012,0.814,hip-hop,-4.67,0.312,0.231,83,267707
0.928,109.966,0.616,hip-hop,-2.34,0.23,0.043,70,230182
0.542,135.14,0.926,hip-hop,-5.064,0.564,0.293,70,181929
0.637,135.055,0.851,hip-hop,-6.149,0.616,0.104,73,179556
0.718,128.14,0.76,hip-hop,-3.017,0.557,0.232,72,191295
0.748,115.01,0.752,hip-hop,-3.755,0.497,0.0895,70,295304
0.536,119.967,0.689,hip-hop,-8.861,0.349,0.174,69,341135
0.531,118.96,0.566,hip-hop,-6.635,0.367,0.0716,73,227518
0.657,124.992,0.883,hip-hop,-5.748,0.284,0.305,77,172933
0.88,92.055,0.753,hip-hop,-3.165,0.582,0.081,73,127826
0.496,86.003,0.889,hip-hop,-6.365,0.544,0.0905,74,180522
0.708,96.914,0.712,hip-hop,-5.715,0.634,0.247,71,165773
0.696,120.146,0.744,hip-hop,-5.015,0.406,0.117,69,260493
0.629,140.101,0.523,hip-hop,-4.058,0.209,0.0549,68,283121
0.735,99.827,0.697,hip-hop,-4.16,0.403,0.0497,73,162970
0.671,147.037,0.607,hip-hop,-6.934,0.316,0.0863,68,137143
0.486,110.964,0.784,hip-hop,-6.497,0.0894,0.0475,80,265996
0.583,116.624,0.709,hip-hop,-5.298,0.533,0.204,79,182667
0.385,129.958,0.69,hip-hop,-8.444,0.19,0.0817,68,226101
0.411,172.445,0.722,hip-hop,-9.963,0.503,0.387,70,142026
0.484,133.03,0.93,hip-hop,-5.486,0.747,0.259,70,144361
0.6,113.903,0.883,hip-hop,-7.188,0.691,0.37,72,156430
0.73,155.008,0.834,hip-hop,-3.714,0.446,0.222,81,312820
0.668,87.973,0.573,hip-hop,-4.356,0.145,0.0467,82,199920
0.603,135.993,0.735,hip-hop,-9.474,0.429,0.203,71,326937
0.637,171.264,0.567,afrobeats,-4.032,0.882,0.298,68,131765
0.874,118.079,0.774,afrobeats,-5.641,0.927,0.0488,75,174053
0.792,113.981,0.749,afrobeats,-4.621,0.903,0.0402,76,172632
0.812,100.049,0.455,afrobeats,-3.455,0.823,0.211,68,184249
0.648,93.2,0.737,afrobeats,-5.493,0.746,0.138,77,259354
0.814,93.482,0.683,afrobeats,-3.505,0.758,0.0466,78,156826
0.683,145.379,0.501,afrobeats,-7.881,0.623,0.211,71,161379
0.634,101.837,0.502,afrobeats,-3.367,0.645,0.144,72,219628
0.651,112.648,0.694,latin,-6.968,0.471,0.0784,93,225881
0.581,99.973,0.805,latin,-5.091,0.528,0.0601,86,177600
0.563,105.008,0.833,latin,-5.593,0.343,0.204,82,182857
0.737,101.923,0.779,latin,-4.667,0.445,0.109,76,170366
0.662,95.999,0.863,latin,-5.855,0.307,0.21,72,248363
0.482,100.029,0.69,latin,-6.335,0.356,0.2,88,149074
0.668,128.027,0.924,latin,-6.795,0.787,0.0469,93,195824
0.762,90.025,0.816,latin,-2.864,0.782,0.0565,72,218701
0.718,105.002,0.848,latin,-4.385,0.564,0.0557,74,165901
0.712,91.98,0.848,latin,-3.574,0.692,0.0981,84,298131
0.627,155.865,0.687,latin,-4.975,0.47,0.181,78,206066
0.483,171.831,0.753,latin,-6.436,0.826,0.273,72,177209
0.724,101.097,0.556,latin,-3.165,0.681,0.119,82,246889
0.442,100.021,0.776,latin,-8.99,0.838,0.0575,81,136944
0.614,119.893,0.658,latin,-6.981,0.465,0.0324,79,178337
0.681,155.079,0.56,latin,-6.304,0.388,0.244,89,223320
0.719,104.033,0.707,latin,-4.963,0.701,0.0395,76,162205
0.536,97.541,0.716,latin,-7.798,0.359,0.0328,84,240669
0.594,125.01,0.694,latin,-8.39,0.672,0.0366,75,307565
0.752,100.076,0.841,latin,-4.735,0.67,0.105,86,214643
0.709,194.055,0.744,latin,-5.778,0.712,0.284,79,130880
0.707,82.045,0.786,latin,-4.386,0.691,0.0635,84,225373
0.832,98.582,0.742,latin,-4.267,0.716,0.0325,82,195846
0.616,104.008,0.773,latin,-4.516,0.25,0.0416,72,190107
0.689,120.208,0.724,latin,-7.174,0.936,0.0524,89,146141
0.74,117.955,0.748,latin,-3.643,0.618,0.0387,75,198607
0.856,136,0.691,latin,-5.035,0.713,0.0536,75,157500
0.464,79.503,0.373,latin,-8.606,0.301,0.256,80,237908
0.783,103.001,0.705,latin,-4.783,0.454,0.0403,86,172427
0.631,111.93,0.706,latin,-5.812,0.289,0.0366,80,171429
0.445,156.023,0.55,latin,-9.548,0.512,0.0847,73,166159
0.764,148.853,0.666,latin,-6.297,0.729,0.116,85,163115
0.162,184.784,0.459,latin,-11.634,0.483,0.0425,79,153609
0.834,139.995,0.783,latin,-4.623,0.92,0.029,81,160714
0.682,100.036,0.75,latin,-3.825,0.618,0.0945,79,165178
0.578,199.997,0.734,latin,-4.147,0.88,0.295,82,142022
0.513,109.935,0.745,latin,-9.116,0.929,0.087,88,154620
0.824,124.997,0.747,latin,-4.353,0.793,0.0348,77,168547
0.787,165.07,0.809,latin,-3.826,0.9,0.125,68,148152
0.356,169.653,0.529,latin,-6.612,0.659,0.0569,85,150523
0.806,123.009,0.763,latin,-4.946,0.594,0.0532,73,193521
0.872,128.924,0.816,latin,-4.27,0.94,0.0442,77,157209
0.896,90.622,0.662,latin,-5.311,0.79,0.251,68,305280
0.59,161.989,0.864,latin,-8.768,0.579,0.499,69,168560
0.63,81.009,0.72,indian,-5.549,0.512,0.0413,70,230292
0.573,82.941,0.603,indian,-5.843,0.236,0.0502,68,228855
0.468,135.875,0.483,indian,-7.642,0.319,0.0341,73,247941
0.519,122.925,0.562,indian,-8.744,0.415,0.0326,70,341055
0.481,124.914,0.534,indian,-9.016,0.293,0.0412,71,280282
0.866,140.266,0.526,rock,-5.822,0.248,0.0568,84,253587
0.903,132.009,0.562,rock,-4.46,0.791,0.0296,68,221000
0.585,109.942,0.775,rock,-9.516,0.518,0.0271,74,337560
0.957,105.105,0.606,rock,-3.404,0.603,0.0814,72,213800
0.94,100.99,0.438,rock,-3.249,0.421,0.0452,73,261000
0.795,79.028,0.801,rock,-5.115,0.754,0.0504,81,163253
0.509,119.945,0.578,rock,-6.229,0.586,0.0279,80,74379
0.62,117.038,0.741,rock,-5.505,0.934,0.0412,79,251424
0.643,103.842,0.633,rock,-8.122,0.472,0.0252,78,130385
0.593,120.509,0.565,rock,-5.864,0.429,0.0883,78,157974
0.749,164.959,0.593,rock,-5.67,0.649,0.0475,77,309053
0.518,151.891,0.815,rock,-6.594,0.877,0.0897,77,177667
0.846,103.912,0.611,rock,-5.9,0.751,0.0436,77,162920
0.924,168.017,0.598,rock,-4.974,0.611,0.0623,76,162339
0.828,112.056,0.654,rock,-5.377,0.79,0.0281,76,183893
0.901,113.967,0.621,rock,-5.396,0.744,0.0302,74,300773
0.509,119.869,0.898,rock,-7.973,0.727,0.062,74,181507
0.94,100.99,0.438,rock,-3.249,0.421,0.0452,73,261000
0.572,131.272,0.636,rock,-7.797,0.66,0.0913,73,192128
0.603,102.99,0.66,rock,-7.7,0.527,0.025,73,214087
0.798,126.976,0.502,rock,-5.909,0.307,0.0414,72,234933
0.684,209.688,0.633,rock,-4.314,0.725,0.591,71,213573
0.351,87.057,0.665,rock,-9.424,0.451,0.0276,71,126120
0.521,106.035,0.539,rock,-7.46,0.679,0.0299,69,183440
0.544,121.968,0.823,rock,-10.077,0.826,0.0358,69,162663
0.658,150.093,0.615,rock,-7.299,0.293,0.0343,68,227080
0.501,134.014,0.781,rock,-9.767,0.961,0.0333,68,177818
0.501,87.086,0.668,country,-13.119,0.858,0.0629,73,214880
0.361,121.059,0.606,country,-16.031,0.621,0.0346,70,173467
0.361,187.711,0.363,country,-14.398,0.612,0.0499,68,152867
0.586,78.259,0.434,r&b,-7.612,0.239,0.138,80,239613
0.545,159.94,0.545,r&b,-7.362,0.549,0.107,87,184516
0.364,75.24,0.524,r&b,-10.209,0.436,0.0367,84,209831
0.507,86.412,0.662,r&b,-8.238,0.676,0.118,79,223440
0.607,81.001,0.684,r&b,-8.127,0.498,0.1,85,195373
0.551,143.008,0.559,r&b,-7.231,0.392,0.132,86,201800
0.444,118.402,0.609,r&b,-9.129,0.166,0.106,81,228707
0.394,117.489,0.689,r&b,-10.102,0.382,0.065,78,212992
0.551,92.887,0.911,r&b,-3.75,0.969,0.045,78,265867
0.693,86.009,0.662,r&b,-4.298,0.655,0.0698,74,252120
0.684,112.912,0.692,r&b,-7.364,0.406,0.155,80,231253
0.239,113.451,0.372,r&b,-11.314,0.127,0.0296,79,102813
0.307,92.995,0.81,r&b,-7.215,0.697,0.12,80,82509
0.352,102.679,0.45,r&b,-11.733,0.408,0.267,75,252747
0.695,90.119,0.665,r&b,-5.763,0.707,0.0532,72,227387
0.609,95.986,0.652,r&b,-7.519,0.482,0.037,76,210200
0.284,99.796,0.358,r&b,-8.285,0.276,0.0285,84,180853
0.344,65.203,0.583,r&b,-8.765,0.581,0.0559,78,110129
0.574,92.795,0.452,r&b,-8.336,0.578,0.311,78,207187
0.707,93.145,0.704,r&b,-6.537,0.761,0.0391,73,294787
0.612,86.768,0.536,r&b,-5.847,0.57,0.272,71,229040
0.735,88.98,0.644,r&b,-5.747,0.418,0.0391,86,153947
0.503,137.007,0.646,r&b,-7.472,0.789,0.0312,77,96369
0.552,90.098,0.641,r&b,-5.423,0.152,0.0283,76,254524
0.698,95.975,0.59,r&b,-4.262,0.352,0.0286,76,224093
0.61,125.99,0.741,r&b,-7.34,0.72,0.0511,76,276960
0.705,96.644,0.838,r&b,-6.131,0.837,0.29,72,245093
0.378,141.967,0.617,r&b,-8.54,0.22,0.0315,76,216063
0.43,129.93,0.716,r&b,-8.28,0.472,0.112,74,171000
0.629,93.985,0.657,r&b,-4.938,0.726,0.0782,69,266893
0.493,82.887,0.347,r&b,-11.548,0.308,0.29,75,382760
0.594,135.002,0.795,r&b,-6.2,0.409,0.0748,77,275080
0.5,132.798,0.602,r&b,-9.377,0.395,0.298,75,223630
0.618,133.876,0.707,r&b,-5.825,0.517,0.19,72,231498
0.477,119.928,0.796,r&b,-7.161,0.685,0.108,70,231933
0.681,171.864,0.673,r&b,-5.693,0.707,0.118,77,232000
0.588,94.519,0.686,r&b,-8.343,0.617,0.0554,75,249120
0.5,135.03,0.856,r&b,-9.393,0.886,0.18,75,177900
0.725,146.163,0.61,r&b,-5.131,0.291,0.15,73,201788
0.5,124.037,0.816,r&b,-4.551,0.649,0.03,69,247840
0.876,130.21,0.412,r&b,-6.008,0.706,0.472,73,273133
0.538,109.97,0.81,r&b,-5.783,0.832,0.0357,74,266840
0.394,92.009,0.764,r&b,-8.559,0.465,0.152,75,158421
0.552,168.19,0.727,r&b,-8.074,0.607,0.14,77,289160
0.712,140.012,0.573,r&b,-5.976,0.346,0.0732,74,259720
0.576,179.063,0.625,r&b,-5.693,0.235,0.175,68,193147
0.366,73.313,0.4,r&b,-9.405,0.161,0.0597,73,272187
0.242,144.211,0.549,r&b,-11.692,0.286,0.038,71,180304
0.721,169.904,0.62,r&b,-5.538,0.77,0.0887,77,150361
0.467,138.007,0.845,r&b,-7.674,0.702,0.138,68,211200
0.635,103.019,0.617,electronic,-6.769,0.446,0.0317,86,247160
0.939,129.024,0.671,electronic,-3.206,0.53,0.161,84,252307
0.715,199.892,0.475,electronic,-5.371,0.159,0.058,83,205947
0.823,128.035,0.646,electronic,-4.123,0.418,0.0394,82,227267
0.835,125.983,0.527,electronic,-5.298,0.654,0.0433,82,176658
0.751,117.948,0.88,electronic,-4.258,0.884,0.0874,80,157606
0.685,118.02,0.782,electronic,-6.237,0.603,0.0309,80,180566
0.524,95.01,0.748,electronic,-5.599,0.661,0.0338,84,244960
0.627,179.642,0.468,electronic,-5.085,0.159,0.0476,80,212107
0.856,127.949,0.596,electronic,-3.556,0.743,0.0346,81,222533
0.77,125.905,0.694,electronic,-5.335,0.163,0.149,80,184560
0.963,129.992,0.581,electronic,-4.087,0.788,0.0981,82,204160
0.787,126.062,0.604,electronic,-3.674,0.301,0.103,80,245040
0.714,101.969,0.664,electronic,-6.645,0.71,0.111,79,197933
0.815,123.063,0.636,electronic,-5.098,0.636,0.0581,78,219043
0.736,127.999,0.579,electronic,-3.863,0.613,0.0527,78,230613
0.777,130.003,0.73,electronic,-5.194,0.575,0.0496,78,284867
0.869,159.805,0.533,electronic,-5.093,0.425,0.173,80,208373
0.857,128.024,0.414,electronic,-4.078,0.348,0.0808,79,212960
0.86,127.075,0.608,electronic,-5.324,0.437,0.0554,77,232947
0.811,116.047,0.794,electronic,-8.966,0.862,0.038,77,248413
0.741,123.077,0.646,electronic,-4.973,0.571,0.034,77,203000
0.519,133.99,0.501,electronic,-5.88,0.168,0.0409,77,195707
0.717,121.985,0.793,electronic,-4.759,0.466,0.0393,76,195547
0.685,130.039,0.772,electronic,-6.849,0.501,0.0696,76,283400
0.927,123.962,0.631,electronic,-2.787,0.465,0.0332,77,222160
0.593,119.958,0.79,electronic,-9.204,0.72,0.0776,75,206067
0.766,127.975,0.735,electronic,-4.485,0.6,0.0383,75,215227
0.51,119.994,0.829,electronic,-9.334,0.45,0.0369,75,208133
0.869,127.966,0.616,electronic,-3.911,0.473,0.0327,76,234560
0.915,126.094,0.544,electronic,-3.405,0.51,0.0841,76,184280
0.741,119.896,0.72,electronic,-6.529,0.357,0.0287,75,198053
0.697,122.746,0.613,electronic,-8.618,0.476,0.133,74,320357
0.634,113.927,0.704,electronic,-7.374,0.411,0.0428,74,271640
0.861,117.965,0.73,electronic,-4.1,0.704,0.0451,74,196613
0.989,126.002,0.621,electronic,-4.225,0.0348,0.0434,74,158095
0.805,126.008,0.506,electronic,-4.119,0.383,0.0469,74,227074
0.695,104.879,0.583,electronic,-5.336,0.224,0.0423,73,220573
0.862,128.036,0.498,electronic,-6.02,0.469,0.0588,73,192294
0.857,119.975,0.56,electronic,-4.145,0.432,0.0384,73,215360
0.781,128,0.509,electronic,-3.48,0.176,0.072,73,271427
0.73,85.979,0.596,electronic,-4.091,0.525,0.151,73,192560
0.568,117.973,0.78,electronic,-6.96,0.459,0.031,73,186147
0.463,121.999,0.778,electronic,-7.603,0.496,0.0389,73,194840
0.774,112.05,0.674,electronic,-7.567,0.33,0.0892,73,176547
0.81,126.052,0.572,electronic,-5.791,0.11,0.0558,72,214912
0.781,119.977,0.751,electronic,-3.724,0.814,0.0862,72,202613
0.586,120.97,0.799,electronic,-6.735,0.549,0.0377,72,227833
0.72,122.031,0.789,electronic,-5.652,0.664,0.218,72,166794
0.62,120.031,0.798,electronic,-7.079,0.235,0.232,72,164000
0.622,102.04,0.69,electronic,-5.025,0.544,0.0622,73,210091
0.736,130.011,0.75,electronic,-4.168,0.355,0.155,72,262147
0.802,100.001,0.713,electronic,-7.055,0.343,0.0561,71,226739
0.906,125.916,0.711,electronic,-2.671,0.824,0.0284,71,157153
0.921,130.072,0.691,electronic,-1.702,0.8,0.0533,71,201000
0.795,121.294,0.956,electronic,-5.311,0.841,0.15,71,429533
0.833,129.885,0.551,electronic,-5.217,0.145,0.03,70,204360
0.817,128.078,0.883,electronic,-5.414,0.595,0.235,70,166849
0.748,125.896,0.503,electronic,-4.124,0.356,0.0619,70,210013
0.392,75.066,0.599,electronic,-6.869,0.26,0.0257,70,282813
0.604,159.92,0.561,soul,-4.409,0.242,0.0337,81,210689
0.473,152.88,0.591,soul,-8.122,0.451,0.0708,70,216524
0.592,157.969,0.521,gaming,-7.777,0.535,0.0304,100,251668
0.507,104.978,0.747,gaming,-10.171,0.438,0.0358,97,210373
0.582,116.712,0.7,gaming,-5.96,0.785,0.0356,94,218424
0.76,103.969,0.701,gaming,-5.478,0.69,0.0285,90,175459
0.604,159.92,0.561,gaming,-4.409,0.242,0.0337,89,210689
0.882,148.038,0.569,gaming,-2.777,0.201,0.06,88,191701
0.601,123.994,0.635,gaming,-6.129,0.332,0.0295,88,172533
0.757,139.982,0.742,gaming,-4.981,0.957,0.0421,88,184841
0.472,101.061,0.898,gaming,-7.001,0.214,0.0776,88,274192
0.583,181.489,0.432,gaming,-4.682,0.544,0.0687,87,161831
0.709,81.012,0.722,gaming,-4.95,0.604,0.0273,86,171292
0.782,119.992,0.727,gaming,-8.529,0.655,0.042,86,177599
0.745,180.098,0.464,gaming,-3.202,0.262,0.161,85,190667
0.586,107.071,0.669,gaming,-6.073,0.579,0.054,88,186365
0.965,128.04,0.561,gaming,-3.673,0.304,0.0343,85,175238
0.544,132.052,0.571,gaming,-10.613,0.216,0.0299,85,132631
0.854,140.515,0.477,gaming,-4.715,0.314,0.275,85,179790
0.471,105.029,0.472,gaming,-5.692,0.219,0.0603,85,180304
0.667,130.019,0.776,gaming,-6.622,0.618,0.0983,85,145219
0.946,151.647,0.599,gaming,-4.263,0.747,0.0447,84,142515
0.855,127.986,0.638,gaming,-4.86,0.731,0.0264,84,178206
0.642,179.974,0.745,gaming,-6.257,0.226,0.287,84,131240
0.829,139.198,0.476,gaming,-3.806,0.505,0.0658,84,133227
0.552,144.941,0.64,gaming,-5.679,0.112,0.129,84,228267
0.453,139.943,0.915,gaming,-4.589,0.287,0.27,84,144000
0.787,119.996,0.704,gaming,-6.751,0.31,0.0462,83,214000
0.618,126.031,0.853,gaming,-10.833,0.32,0.0923,83,145599
0.751,129.994,0.701,gaming,-8.39,0.22,0.0502,83,218005
0.957,126.035,0.804,gaming,-5.452,0.962,0.034,83,151740
0.457,146.04,0.592,gaming,-6.081,0.225,0.0603,82,110886
0.792,100.011,0.687,gaming,-2.749,0.671,0.0452,82,214290
0.676,162.012,0.814,gaming,-4.67,0.312,0.231,83,267707
0.522,89.96,0.755,gaming,-4.368,0.925,0.0575,82,157560
0.622,130.001,0.847,gaming,-6.747,0.22,0.0903,82,125040
0.668,90.969,0.646,gaming,-5.203,0.64,0.0282,82,148318
0.733,172.09,0.625,gaming,-8.757,0.244,0.0488,81,270698
0.642,83.389,0.463,gaming,-4.474,0.339,0.34,82,189893
0.761,129.963,0.634,gaming,-4.752,0.785,0.0472,81,168454
0.537,128.009,0.921,gaming,-5.723,0.711,0.0804,81,135090
0.745,165.995,0.808,gaming,-5.26,0.829,0.342,81,210800
0.741,120.064,0.771,gaming,-7.132,0.19,0.0374,81,152250
0.727,130.035,0.887,gaming,-4.318,0.932,0.135,82,90760
0.95,150.019,0.673,gaming,-5.149,0.563,0.0488,81,140000
0.62,120.042,0.857,gaming,-8.13,0.796,0.0472,81,133805
0.887,127.003,0.936,gaming,-2.76,0.889,0.0683,81,227239
0.646,115.842,0.645,gaming,-8.334,0.295,0.0427,81,228639
0.586,116.971,0.896,gaming,-6.687,0.642,0.0559,81,196653
0.558,104.983,0.943,gaming,-4.911,0.606,0.0568,81,138411
0.75,155.096,0.732,gaming,-6.366,0.401,0.231,81,182707
0.764,140.113,0.882,gaming,-5.241,0.886,0.204,81,140733
0.632,121.031,0.762,gaming,-8.312,0.282,0.085,81,149067
0.512,80.511,0.829,gaming,-5.865,0.638,0.187,80,123987
0.716,91.007,0.701,gaming,-3.671,0.732,0.0361,80,140533
0.773,129.923,0.681,gaming,-4.706,0.504,0.0345,80,107077
0.673,165.921,0.529,gaming,-4.711,0.366,0.175,80,218365
0.583,116.624,0.709,gaming,-5.298,0.533,0.204,79,182667
0.797,122.011,0.702,gaming,-6.635,0.0356,0.0557,79,208525
0.681,139.057,0.918,gaming,-4.705,0.706,0.201,79,229133
0.753,127.926,0.671,gaming,-6.045,0.543,0.0298,79,207168
0.761,146.003,0.62,gaming,-7.282,0.194,0.175,79,209483
0.452,90.026,0.904,gaming,-7.272,0.613,0.132,78,130944
0.512,96.02,0.803,gaming,-6.871,0.435,0.066,78,161342
0.643,139.948,0.831,gaming,-5.002,0.142,0.11,78,383639
0.567,75.965,0.574,gaming,-7.126,0.526,0.465,78,229938
0.593,120.509,0.565,gaming,-5.864,0.429,0.0883,78,157974
0.83,75.023,0.767,gaming,-8.78,0.187,0.206,77,139300
0.523,169.982,0.628,gaming,-8.307,0.416,0.0946,77,172965
0.934,88.009,0.777,gaming,-0.959,0.637,0.254,77,166449
0.927,109.952,0.755,gaming,0.254,0.702,0.0645,77,115348
0.62,117.038,0.741,gaming,-5.505,0.934,0.0412,77,251424
0.64,130.051,0.537,gaming,-10.441,0.222,0.104,77,103495
0.963,130.028,0.817,gaming,-3.318,0.502,0.0353,77,75692
0.556,99.974,0.864,gaming,-7.683,0.726,0.194,77,230480
0.803,130.028,0.877,gaming,-3.195,0.795,0.0507,77,61673
0.573,140.04,0.911,gaming,-7.43,0.972,0.288,77,97393
0.629,130.017,0.848,gaming,-6.198,0.586,0.0424,77,153519
0.777,108.005,0.58,gaming,-5.69,0.589,0.0655,76,178273
0.539,158.105,0.65,gaming,-7.281,0.253,0.0561,76,121399
0.672,136.902,0.673,gaming,-8.577,0.14,0.224,76,260111
0.818,125.952,0.687,gaming,-4.221,0.886,0.0778,76,165753
0.687,123.01,0.755,gaming,-6.247,0.381,0.101,76,265360
0.919,151.221,0.83,gaming,-2.12,0.848,0.145,76,96947
0.738,130,0.593,gaming,-2.956,0.591,0.0351,75,134785
0.81,150.251,0.613,gaming,-6.16,0.686,0.488,75,116104
0.967,149.036,0.628,gaming,-4.068,0.399,0.0485,75,151589
0.897,129.975,0.686,gaming,-7.18,0.355,0.0386,75,163139
0.793,120.003,0.696,gaming,-5.733,0.698,0.097,75,172253
0.781,128.001,0.805,gaming,-7.225,0.818,0.0434,74,220000
0.848,135.048,0.721,gaming,-3.371,0.774,0.0266,74,129800
0.742,114.071,0.773,gaming,-3.678,0.571,0.046,74,165265
0.527,77.499,0.824,gaming,-5.506,0.212,0.118,74,155391
0.655,163.997,0.475,gaming,-7.342,0.245,0.33,74,247444
0.895,125.985,0.762,gaming,-4.562,0.757,0.0734,73,182857
0.915,154.964,0.737,gaming,-2.749,0.304,0.0412,73,86710
0.85,106.036,0.815,gaming,-4.704,0.694,0.113,73,133707
0.546,118.051,0.76,gaming,-13.092,0.113,0.0616,73,170847
0.86,146.441,0.585,gaming,-5.274,0.607,0.116,73,102557
0.636,75.486,0.654,gaming,-6.904,0.267,0.0845,73,140107
0.765,145.988,0.588,gaming,-5.914,0.492,0.0518,73,220878
0.758,165.409,0.681,gaming,-6.524,0.331,0.188,73,220584
0.683,145.379,0.501,afrobeats,-7.881,0.623,0.211,71,161379
0.819,110.14,0.726,afrobeats,-7.094,0.636,0.106,70,141818
0.529,112.014,0.782,afrobeats,-8.626,0.44,0.0592,69,156429
0.634,101.837,0.502,afrobeats,-3.367,0.645,0.144,72,219628
0.841,147.989,0.754,afrobeats,-4.563,0.838,0.0921,68,137684
0.814,93.482,0.683,afrobeats,-3.505,0.758,0.0466,78,156826
0.792,113.981,0.749,afrobeats,-4.621,0.903,0.0402,76,172632
0.705,197.98,0.374,afrobeats,-8.37,0.718,0.145,68,193567
0.648,93.2,0.737,afrobeats,-5.493,0.746,0.138,77,259354
0.719,113.012,0.897,afrobeats,-7.164,0.546,0.157,71,157756
0.52,95.865,0.578,afrobeats,-8.399,0.425,0.151,68,154579
0.651,67.813,0.49,afrobeats,-6.259,0.567,0.138,68,180594
0.935,166.008,0.574,j-pop,-2.783,0.836,0.0926,72,213234
0.941,101.921,0.577,j-pop,-5.17,0.292,0.105,72,193495
0.794,149.923,0.531,j-pop,-4.363,0.775,0.0964,77,288200
0.898,151.99,0.479,j-pop,-4.809,0.639,0.169,71,196467
0.822,157.013,0.853,j-pop,-6.836,0.746,0.246,80,168136
0.905,141.131,0.545,j-pop,-3.823,0.735,0.0684,73,243027
0.571,101.955,0.695,j-pop,-6.249,0.726,0.111,70,270705
0.811,139.959,0.693,j-pop,-5.765,0.944,0.0313,69,153626
0.808,115.063,0.576,j-pop,-4.241,0.172,0.0407,68,123293
0.951,169.955,0.436,j-pop,-4.748,0.428,0.202,68,223320
0.514,82.05,0.829,j-pop,-5.333,0.757,0.0531,68,226558
0.836,105.173,0.543,metal,-9.11,0.56,0.0353,75,515387
0.908,159.756,0.285,metal,-4.601,0.669,0.0705,71,252733
0.704,118.242,0.43,metal,-8.008,0.703,0.0804,73,315120
0.934,127.066,0.417,metal,-3.908,0.287,0.119,83,210240
0.891,92.049,0.283,metal,-8.165,0.226,0.178,68,258267
0.695,102.178,0.437,metal,-9.447,0.413,0.0617,72,447440
0.763,148.366,0.365,metal,-9.45,0.342,0.0591,69,204867
0.908,114.816,0.415,metal,-9.701,0.437,0.0765,71,243533
0.982,143.772,0.354,metal,-3.026,0.194,0.168,80,252613
0.828,123.257,0.577,metal,-8.691,0.604,0.0298,79,331267
0.916,118.004,0.58,metal,-4.358,0.683,0.0387,75,305907
0.898,103.299,0.353,metal,-5.877,0.525,0.052,77,255733
0.963,125.033,0.59,metal,-6.489,0.586,0.0676,77,222827
0.949,129.984,0.554,metal,-4.928,0.233,0.0787,70,374453
0.781,71.841,0.443,metal,-4.277,0.372,0.0377,77,214760
0.714,107.441,0.567,metal,-8.512,0.191,0.0302,68,403533
0.821,94.895,0.669,hip-hop,-4.37,0.684,0.29,76,237573
0.72,103.314,0.916,reggae,-8.548,0.761,0.1,79,237000
0.661,76.71,0.836,reggae,-6.502,0.753,0.338,68,213200
0.733,95.107,0.883,reggae,-9.153,0.946,0.128,68,245000
0.463,124.084,0.929,reggae,-8.651,0.755,0.308,70,255840
0.775,93.431,0.816,hip-hop,-3.323,0.527,0.234,81,270587
0.697,93.941,0.901,hip-hop,-3.439,0.67,0.28,78,229827
0.505,99.935,0.535,hip-hop,-8.926,0.495,0.245,74,320267
0.63,95,0.874,hip-hop,-3.585,0.717,0.298,74,281600
0.786,93.857,0.763,hip-hop,-6.472,0.504,0.229,74,325507
0.706,174.039,0.584,hip-hop,-7.899,0.579,0.366,73,253533
0.62,94.121,0.9,hip-hop,-6.518,0.867,0.312,72,236800
0.818,96.063,0.889,hip-hop,-4.639,0.782,0.253,73,302760
0.821,94.895,0.669,hip-hop,-4.37,0.684,0.29,76,237573
0.514,181.033,0.512,hip-hop,-11.562,0.565,0.387,72,252027
0.611,102.304,0.897,hip-hop,-10.489,0.769,0.211,70,208267
0.734,97.044,0.918,hip-hop,-2.832,0.608,0.269,70,230693
0.91,84.099,0.665,hip-hop,-4.682,0.887,0.223,70,293973
0.735,101.368,0.934,hip-hop,-6.668,0.768,0.251,69,273107
0.54,84.115,0.773,hip-hop,-7.123,0.322,0.103,68,280000
0.703,94.828,0.813,hip-hop,-5.077,0.241,0.268,68,224533
0.884,104.536,0.845,hip-hop,-4.506,0.904,0.0759,72,257400
0.666,96.662,0.848,hip-hop,-6.547,0.744,0.274,68,251573
0.732,172.329,0.598,hip-hop,-7.013,0.595,0.425,68,262507
0.767,127.361,0.532,rock,-5.509,0.755,0.0574,81,210173
0.795,112.067,0.645,rock,-12.095,0.535,0.0527,85,251489
0.802,119.25,0.491,rock,-7.106,0.472,0.0392,72,248907
0.373,92.718,0.671,rock,-18.064,0.732,0.0323,83,295893
0.7,188.386,0.31,rock,-5.678,0.763,0.047,83,255493
0.942,148.723,0.527,rock,-5.64,0.495,0.0366,82,241307
0.959,122.805,0.541,rock,-2.947,0.812,0.0505,81,222707
0.834,139.13,0.509,rock,-6.205,0.774,0.0386,80,216053
0.836,113.375,0.743,rock,-6.465,0.82,0.116,80,188987
0.712,113.805,0.671,rock,-7.815,0.462,0.0476,79,248440
0.716,94.379,0.535,rock,-5.025,0.901,0.0431,77,175173
0.932,122.431,0.631,rock,-4.142,0.971,0.0354,76,213067
0.835,129.981,0.572,rock,-6.219,0.795,0.0317,75,241600
0.449,84.383,0.623,rock,-13.333,0.573,0.0253,75,256000
0.843,117.662,0.529,rock,-6.908,0.188,0.0616,74,310333
0.873,106.767,0.389,rock,-4.768,0.303,0.0475,73,312293
0.768,81.909,0.558,rock,-9.997,0.429,0.0343,73,260573
0.549,176.941,0.516,rock,-13.741,0.907,0.0373,73,288733
0.758,112.113,0.489,rock,-6.491,0.435,0.0297,72,371413
0.952,122.093,0.398,rock,-6.042,0.584,0.061,72,278680
0.478,114.02,0.766,rock,-13.487,0.965,0.0329,73,178360
0.953,84.989,0.267,rock,-4.899,0.568,0.096,72,267307
0.803,150.036,0.253,rock,-3.977,0.258,0.0392,72,308667
0.978,141.167,0.526,rock,-5.436,0.451,0.108,72,210227
0.811,126.59,0.561,rock,-6.157,0.635,0.0265,71,233270
0.872,129.885,0.797,rock,-6.727,0.866,0.0575,71,222427
0.908,159.756,0.285,rock,-4.601,0.669,0.0705,71,252733
0.528,109.975,0.932,rock,-6.472,0.757,0.161,71,214653
0.812,127.568,0.691,rock,-7.772,0.685,0.0558,71,220627
0.93,190.818,0.398,rock,-6.76,0.725,0.0615,71,408173
0.942,97.909,0.511,rock,-10.407,0.498,0.0429,71,393667
0.899,152.445,0.475,rock,-4.321,0.603,0.0637,72,230667
0.96,131.707,0.469,rock,-4.809,0.37,0.0629,70,323453
0.96,117.486,0.574,rock,-4.906,0.978,0.032,70,254733
0.58,127.402,0.741,rock,-9.05,0.944,0.0304,70,171267
0.763,148.366,0.365,rock,-9.45,0.342,0.0591,69,204867
0.804,111.457,0.591,rock,-7.299,0.658,0.0454,69,329413
0.427,119.18,0.753,rock,-11.112,0.295,0.0387,69,255680
0.506,140.309,0.799,rock,-9.414,0.518,0.0606,69,242667
0.737,125.447,0.785,rock,-5.306,0.971,0.0363,69,218960
0.846,107.01,0.659,rock,-5.508,0.659,0.0274,69,354636
0.833,142.663,0.553,rock,-6.667,0.773,0.0347,69,212227
0.858,133.615,0.503,rock,-6.296,0.419,0.0657,68,208653
0.632,140.176,0.531,rock,-5.557,0.294,0.0312,68,260173
0.691,119.96,0.823,hip-hop,-7.322,0.707,0.197,74,188818
0.78,134.937,0.724,hip-hop,-5.407,0.72,0.354,70,170800
0.693,87.973,0.702,hip-hop,-4.941,0.572,0.191,68,233240
0.926,105.969,0.682,k-pop,-2.515,0.86,0.0607,73,162840
0.628,140.053,0.668,k-pop,-4.692,0.568,0.046,83,138213
0.747,120.073,0.745,k-pop,-4.278,0.363,0.0815,72,178880
0.786,91.992,0.695,k-pop,-2.048,0.465,0.0666,74,196467
0.597,170.022,0.77,k-pop,-4.901,0.875,0.223,72,189707
0.782,108.038,0.875,k-pop,-3.905,0.906,0.078,78,167707
0.895,124.994,0.803,k-pop,-2.888,0.757,0.0623,78,219027
0.728,140.041,0.774,k-pop,-5.079,0.461,0.169,78,170357
0.5,101.959,0.871,k-pop,-8.675,0.76,0.103,75,168359
0.774,109.945,0.801,k-pop,-3.604,0.383,0.157,69,188080
0.872,131.016,0.644,k-pop,-1.54,0.378,0.0417,78,214973
0.592,157.969,0.521,pop,-7.777,0.535,0.0304,100,251668
0.783,149.027,0.777,pop,-4.477,0.939,0.26,98,169917
0.507,104.978,0.747,pop,-10.171,0.438,0.0358,97,210373
0.808,108.548,0.554,pop,-4.169,0.372,0.0368,93,166300
0.756,116.034,0.66,pop,-3.743,0.838,0.032,92,170888
0.711,146.921,0.487,pop,-4.22,0.317,0.0322,71,151647
0.413,94.938,0.494,pop,-10.432,0.273,0.0254,93,211979
0.907,112.964,0.674,pop,-4.086,0.721,0.064,93,157280
0.651,112.648,0.694,pop,-6.968,0.471,0.0784,93,225881
0.247,148.101,0.467,pop,-12.002,0.126,0.0431,93,261467
0.776,103.963,0.699,pop,-5.282,0.708,0.0293,88,175459
0.722,119.973,0.769,pop,-5.485,0.57,0.0507,92,256000
0.582,116.712,0.7,pop,-5.96,0.785,0.0356,94,218424
0.563,105.008,0.833,pop,-5.593,0.343,0.204,82,182857
0.627,150.273,0.336,pop,-7.463,0.35,0.0384,87,241107
0.598,107.732,0.733,pop,-8.228,0.935,0.0278,72,265960
0.471,105.029,0.472,pop,-5.692,0.219,0.0603,89,180304
0.668,128.027,0.924,pop,-6.795,0.787,0.0469,93,195824
0.872,184.115,0.466,pop,-3.344,0.806,0.0336,79,190428
0.586,107.015,0.675,pop,-6.086,0.621,0.0531,87,186365
0.406,115.94,0.53,pop,-7.507,0.338,0.033,90,157147
0.369,174.097,0.448,pop,-9.514,0.0998,0.0452,88,208212
0.627,155.865,0.687,pop,-4.975,0.47,0.181,78,206066
0.807,124.053,0.612,pop,-2.81,0.398,0.0336,90,240400
0.417,67.528,0.464,pop,-9.345,0.479,0.0256,90,183956
0.604,159.92,0.561,pop,-4.409,0.242,0.0337,89,210689
0.559,78.558,0.558,pop,-9.222,0.62,0.0959,90,180387
0.661,173.372,0.429,pop,-7.227,0.285,0.0281,89,266773
0.812,80.09,0.505,pop,-3.986,0.664,0.461,88,255916
0.56,134.066,0.853,pop,-4.961,0.86,0.0406,88,206693
0.698,143.994,0.726,pop,-4.165,0.867,0.0431,89,233478
0.727,94.99,0.739,pop,-5.968,0.676,0.0426,90,171870
0.555,96.063,0.392,pop,-6.707,0.191,0.039,87,278015
0.52,120.001,0.672,pop,-7.747,0.37,0.0353,89,226600
0.47,67.086,0.598,pop,-8.744,0.879,0.0496,83,126267
0.64,84.828,0.264,pop,-6.221,0.19,0.0442,89,244685
0.841,109.021,0.635,pop,-5.379,0.424,0.0422,85,220734
0.706,80.969,0.722,pop,-4.857,0.599,0.0292,84,171292
0.757,142.579,0.482,pop,-4.586,0.12,0.0355,88,86984
0.715,155.925,0.315,pop,-8.072,0.497,0.0362,87,289533
0.864,105.143,0.556,pop,-5.87,0.4,0.0584,88,216880
0.643,117.025,0.74,pop,-5.446,0.96,0.0413,84,251424
0.725,130.504,0.633,pop,-4.257,0.64,0.0427,87,223192
0.731,101.654,0.483,pop,-6.696,0.484,0.0381,85,204280
0.928,127.939,0.571,pop,-3.725,0.488,0.0453,78,167012
0.513,109.935,0.745,pop,-9.116,0.929,0.087,88,154620
0.689,120.208,0.724,pop,-7.174,0.936,0.0524,89,146141
0.621,191.868,0.525,pop,-7.364,0.592,0.117,82,204093
0.424,119.705,0.754,pop,-8.463,0.806,0.0363,80,130973
0.646,115.842,0.645,pop,-8.334,0.295,0.0427,86,228639
0.789,91.911,0.757,latin,-3.46,0.464,0.0583,78,202174
0.778,96.057,0.911,latin,-2.248,0.345,0.262,84,162768
0.786,111.989,0.781,latin,-5.211,0.759,0.0885,68,228253
0.411,169.934,0.584,latin,-7.147,0.412,0.0838,71,217769
0.804,110.982,0.82,latin,-7.226,0.844,0.0528,68,211998
0.522,110.427,0.75,latin,-7.018,0.601,0.0293,78,321556
0.888,130.97,0.617,latin,-4.567,0.771,0.0402,72,240560
0.856,123.031,0.748,latin,-3.517,0.927,0.0348,68,189320
0.673,92.06,0.453,latin,-5.649,0.266,0.144,76,159849
0.686,79.928,0.647,latin,-5.745,0.268,0.0413,80,258299
0.595,108.02,0.777,latin,-6.79,0.546,0.0375,75,244444
0.588,142.004,0.872,latin,-6.276,0.93,0.0492,70,230704
0.498,122.016,0.876,latin,-7.511,0.428,0.0478,75,173119
0.69,151.991,0.839,latin,-4.464,0.744,0.0615,76,196413
0.616,103.071,0.797,latin,-10.229,0.451,0.375,74,339612
0.516,111.005,0.87,latin,-8.006,0.53,0.0541,71,210200
0.543,139.929,0.84,latin,-4.941,0.74,0.0568,70,225812
0.623,130.037,0.919,latin,-6.521,0.775,0.0992,71,157018
0.782,128.033,0.621,latin,-5.548,0.55,0.044,80,198938
0.524,83.97,0.653,latin,-9.016,0.553,0.0502,81,160191
0.586,189.978,0.326,latin,-7.966,0.295,0.0605,71,262309
0.662,93.976,0.892,latin,-3.894,0.607,0.162,68,227013
0.724,83.118,0.569,latin,-4.076,0.562,0.0474,75,194563
0.421,98.224,0.537,latin,-8.72,0.524,0.0285,80,184061
0.665,100.09,0.858,latin,-4.772,0.659,0.152,79,195587
0.534,93.924,0.832,arabic,-7.813,0.116,0.253,78,132833
0.542,135.14,0.926,arabic,-5.064,0.564,0.293,70,181929
0.73,155.008,0.834,arabic,-3.714,0.446,0.222,81,312820
0.564,77.972,0.856,arabic,-6.295,0.483,0.392,70,135960
0.576,166.162,0.77,arabic,-11.845,0.364,0.339,68,127200
0.716,91.007,0.701,arabic,-3.671,0.732,0.0361,80,140533
0.658,140.042,0.8,arabic,-6.142,0.462,0.079,77,195429
0.882,148.038,0.569,arabic,-2.777,0.201,0.06,88,191701
0.662,112.509,0.897,arabic,-6.903,0.39,0.292,79,145543
0.346,119.957,0.963,arabic,-9.309,0.562,0.53,75,142273
0.524,140.053,0.747,arabic,-6.807,0.363,0.245,71,213132
0.444,140.063,0.906,arabic,-8.692,0.678,0.384,68,235040
0.639,168.112,0.772,arabic,-7.119,0.261,0.467,74,166560
0.487,127.05,0.964,arabic,-6.071,0.108,0.421,77,154024
0.347,75.016,0.884,arabic,-8.227,0.376,0.35,72,220307
0.619,127.956,0.962,arabic,-5.562,0.154,0.405,72,144652
0.395,76.984,0.793,arabic,-5.578,0.128,0.385,69,213287
0.353,87.997,0.797,arabic,-9.931,0.0731,0.369,73,208293
0.516,119.996,0.877,arabic,-5.426,0.255,0.0706,77,162053
0.744,84.005,0.867,arabic,-5.171,0.645,0.227,71,173288
0.515,120.1,0.567,arabic,-10.265,0.321,0.247,73,224000
0.463,108.003,0.97,arabic,-7.259,0.46,0.366,72,142417
0.662,143.943,0.767,arabic,-4.856,0.259,0.0578,69,193333
0.622,130.001,0.847,arabic,-6.747,0.22,0.0903,82,125040
0.701,134.039,0.71,arabic,-5.415,0.564,0.0317,68,219174
0.727,150.062,0.477,arabic,-4.053,0.227,0.286,70,236524
0.48,143.029,0.846,arabic,-8.618,0.419,0.359,68,169532
0.651,163.935,0.665,arabic,-5.515,0.237,0.156,77,175755
0.692,79.899,0.623,arabic,-5.122,0.566,0.0504,78,240051
0.572,141.996,0.823,arabic,-6.067,0.568,0.0865,69,175954
0.613,149.972,0.65,arabic,-6.13,0.0804,0.128,76,194621
0.529,161.989,0.671,arabic,-7.226,0.203,0.307,83,165820
0.736,147.946,0.776,arabic,-4.612,0.233,0.247,71,186945
0.801,104.986,0.778,arabic,-7.326,0.914,0.106,70,157714
0.819,110.14,0.726,arabic,-7.094,0.636,0.106,70,141818
0.651,67.813,0.49,arabic,-6.259,0.567,0.138,68,180594
0.653,150.097,0.547,arabic,-3.875,0.163,0.081,74,174853
0.552,144.941,0.64,arabic,-5.679,0.112,0.129,84,228267
0.552,119.476,0.765,arabic,-7.524,0.492,0.309,82,194787
0.764,140.113,0.882,arabic,-5.241,0.886,0.204,81,140733
0.634,101.837,0.502,arabic,-3.367,0.645,0.144,72,219628
0.64,112.984,0.869,arabic,-7.677,0.535,0.0424,68,172598
0.719,113.012,0.897,arabic,-7.164,0.546,0.157,71,157756
0.668,87.973,0.573,arabic,-4.356,0.145,0.0467,82,199920
0.52,95.865,0.578,arabic,-8.399,0.425,0.151,68,154579
0.841,147.989,0.754,arabic,-4.563,0.838,0.0921,68,137684
0.683,145.379,0.501,arabic,-7.881,0.623,0.211,71,161379
0.648,93.2,0.737,arabic,-5.493,0.746,0.138,77,259354
0.541,139.978,0.716,arabic,-7.909,0.387,0.149,72,247055
0.874,118.079,0.774,arabic,-5.641,0.927,0.0488,75,174053
0.52,120.001,0.672,pop,-7.747,0.37,0.0353,89,226600
0.366,141.981,0.604,pop,-7.519,0.13,0.0282,77,224695
0.422,119.964,0.53,pop,-6.262,0.349,0.0342,78,221360
0.264,119.93,0.422,pop,-7.064,0.331,0.0322,83,269560
0.547,95,0.778,pop,-7.273,0.442,0.0489,83,242733
0.706,122.013,0.663,pop,-4.972,0.474,0.0383,71,257840
0.779,173.799,0.468,pop,-4.839,0.26,0.0779,77,217747
0.661,173.372,0.429,pop,-7.227,0.285,0.0281,89,266773
0.454,159.982,0.689,pop,-7.643,0.912,0.0584,89,159246
0.715,155.925,0.315,pop,-8.072,0.497,0.0362,87,289533
0.5,117.896,0.664,pop,-6.935,0.801,0.0651,87,182347
0.28,72.795,0.612,pop,-8.648,0.387,0.0434,87,213827
0.663,121.07,0.6,pop,-5.802,0.286,0.0477,86,245493
0.537,122.769,0.445,pop,-8.532,0.131,0.04,86,244360
0.635,103.019,0.617,pop,-6.769,0.446,0.0317,86,247160
0.296,115.284,0.351,pop,-10.109,0.12,0.0333,86,200186
0.697,138.992,0.74,pop,-4.912,0.732,0.034,86,163648
0.652,95.977,0.825,pop,-3.183,0.931,0.0802,86,233713
0.192,175.212,0.369,pop,-12.151,0.148,0.04,85,228013
0.841,109.021,0.635,pop,-5.379,0.424,0.0422,85,220734
0.557,85.043,0.358,pop,-7.398,0.494,0.059,85,211467
0.607,81.001,0.684,pop,-8.127,0.498,0.1,85,195373
0.448,95.05,0.599,pop,-6.312,0.168,0.0232,86,263400
0.442,146.277,0.557,pop,-7.224,0.213,0.0243,84,309600
0.552,75.881,0.346,pop,-6.864,0.0789,0.0282,84,286480
0.822,167.997,0.604,pop,-4.833,0.288,0.0438,84,187147
0.543,68.534,0.359,pop,-7.582,0.453,0.0919,84,221307
0.763,120.042,0.695,pop,-3.497,0.551,0.0396,83,215280
0.425,102.078,0.357,pop,-7.301,0.27,0.0333,83,198040
0.741,153.96,0.601,pop,-5.569,0.441,0.0478,83,153190
0.713,120.032,0.742,pop,-5.522,0.879,0.0303,83,189960
0.379,107.989,0.614,pop,-10.48,0.201,0.0476,84,258987
0.754,149.789,0.752,pop,-6.684,0.755,0.0615,82,206880
0.417,138.178,0.209,pop,-8.74,0.124,0.0338,82,295533
0.603,97.994,0.712,pop,-5.52,0.67,0.0262,82,265493
0.574,111.881,0.459,pop,-4.857,0.183,0.0577,81,215107
0.648,96.888,0.633,pop,-6.645,0.49,0.062,81,200690
0.776,77.987,0.585,pop,-5.898,0.427,0.0459,81,244507
0.585,139.631,0.449,pop,-6.761,0.212,0.0268,81,278719
0.327,91.05,0.775,pop,-7.241,0.595,0.0557,82,189486
0.445,78.998,0.781,pop,-6.061,0.591,0.0295,81,281560
0.638,79.064,0.481,pop,-5.862,0.497,0.0276,80,259933
0.845,110.056,0.671,pop,-4.93,0.775,0.048,80,176579
0.797,139.994,0.704,pop,-5.927,0.825,0.0475,79,148486
0.628,103.998,0.674,pop,-7.079,0.552,0.03,79,247907
0.862,95.051,0.712,pop,-4.612,0.809,0.0378,82,206200
0.473,119.992,0.765,pop,-5.829,0.34,0.0514,79,237300
0.465,89.087,0.449,pop,-8.964,0.543,0.0791,79,198371
0.798,116.032,0.796,pop,-6.312,0.942,0.0317,79,202735
0.53,108.038,0.63,pop,-7.259,0.417,0.0434,78,225053
0.55,101.19,0.551,pop,-5.339,0.342,0.0286,78,176440
0.663,102,0.651,pop,-5.569,0.465,0.0281,80,259453
0.401,111.825,0.677,pop,-8.467,0.195,0.0308,78,232852
0.699,114.481,0.85,pop,-3.292,0.915,0.0776,78,114234
0.764,169.928,0.591,pop,-5.484,0.478,0.0483,78,141806
0.45,178.765,0.597,pop,-6.658,0.537,0.0418,78,228482
0.82,144.905,0.621,pop,-4.865,0.452,0.0367,78,230192
0.174,112.672,0.681,pop,-8.745,0.231,0.0315,78,260285
0.488,136.07,0.752,pop,-7.05,0.533,0.0705,78,201661
0.738,119.976,0.721,pop,-4.77,0.637,0.0403,77,154983
0.902,100.012,0.673,pop,-2.392,0.536,0.0346,77,194240
0.788,120.076,0.748,pop,-7.055,0.884,0.0334,78,235493
0.657,107.01,0.753,pop,-3.061,0.437,0.0449,76,184732
0.342,102.819,0.516,pop,-8.985,0.0993,0.0425,76,206459
0.794,114.066,0.601,pop,-5.844,0.244,0.0671,76,217099
0.673,203.812,0.492,pop,-5.431,0.488,0.0347,76,163855
0.426,84.876,0.674,pop,-9.504,0.337,0.122,76,190185
0.656,104.036,0.638,pop,-5.886,0.225,0.0357,75,262467
0.825,94.931,0.56,pop,-3.862,0.268,0.0379,75,237493
0.792,119.054,0.627,pop,-4.311,0.415,0.031,75,235767
0.54,116.947,0.759,pop,-6.039,0.75,0.0287,75,190960
0.683,159.878,0.515,pop,-5.099,0.572,0.0371,74,220947
0.444,150.96,0.703,pop,-9.331,0.712,0.0417,74,242947
0.719,112.027,0.558,pop,-5.113,0.371,0.0267,74,208600
0.495,129.062,0.864,pop,-7.036,0.72,0.037,74,244973
0.706,92.513,0.482,pop,-5.762,0.144,0.0607,74,224920
0.495,103.375,0.694,pop,-14.222,0.799,0.0329,74,257187
0.586,126.684,0.553,pop,-6.319,0.443,0.0362,74,196373
0.903,74.988,0.52,pop,-5.497,0.652,0.042,74,219801
0.331,72.023,0.459,pop,-12.603,0.271,0.0421,73,183624
0.714,175.924,0.564,pop,-4.987,0.33,0.129,73,204013
0.798,120.012,0.719,pop,-4.582,0.591,0.0361,73,227741
0.588,113.608,0.491,pop,-6.177,0.193,0.0506,72,269600
0.71,89.929,0.5,pop,-3.015,0.419,0.0339,72,175200
0.445,50.827,0.286,pop,-8.087,0.278,0.0347,72,217352
0.415,114.145,0.728,pop,-6.852,0.455,0.0639,72,176320
0.632,147.873,0.494,pop,-6.89,0.0797,0.0342,72,274693
0.473,75.801,0.464,pop,-10.086,0.604,0.129,72,208687
0.72,79.983,0.508,pop,-5.908,0.472,0.0628,71,261640
0.638,184.086,0.378,pop,-5.576,0.735,0.075,71,250627
0.549,90.04,0.644,pop,-5.415,0.167,0.0285,71,253813
0.725,123.28,0.49,pop,-3.304,0.335,0.0392,70,240440
0.63,89.991,0.654,pop,-4.644,0.43,0.0259,70,167693
0.316,118.582,0.398,pop,-7.031,0.174,0.0368,70,253342
0.922,130.007,0.666,pop,-4.645,0.758,0.0352,70,216160
0.348,74.541,0.349,pop,-6.142,0.0886,0.0316,69,246587
0.787,117.089,0.399,pop,-2.88,0.572,0.0499,69,216120
0.465,113.81,0.6,pop,-4.951,0.0682,0.0314,69,230880
0.698,143.994,0.726,pop,-4.165,0.867,0.0431,89,233478
0.587,186.003,0.679,pop,-7.015,0.486,0.276,87,230453
0.669,112.238,0.908,pop,-2.827,0.662,0.0738,86,290320
0.652,95.977,0.825,pop,-3.183,0.931,0.0802,86,233713
0.939,129.024,0.671,pop,-3.206,0.53,0.161,84,252307
0.902,84.412,0.573,pop,-7.638,0.876,0.054,84,225280
0.824,100.024,0.778,pop,-5.892,0.758,0.0707,84,218093
0.791,105.018,0.894,pop,-4.699,0.583,0.112,84,250373
0.866,128.038,0.578,pop,-3.804,0.619,0.0619,83,199080
0.887,122.509,0.532,pop,-3.757,0.794,0.0335,83,249293
0.783,124.08,0.532,pop,-5.697,0.643,0.0523,83,247427
0.838,143.04,0.774,pop,-3.914,0.924,0.114,83,198800
0.711,125.135,0.692,pop,-7.498,0.875,0.0317,83,216933
0.837,120.028,0.755,pop,-2.718,0.714,0.142,83,199693
0.76,99.947,0.655,pop,-3.669,0.409,0.045,83,200787
0.87,100.804,0.543,pop,-6.514,0.754,0.0428,82,230400
0.823,128.035,0.646,pop,-4.123,0.418,0.0394,82,227267
0.807,114.742,0.729,pop,-6.492,0.765,0.0936,82,179120
0.963,129.992,0.581,pop,-4.087,0.788,0.0981,82,204160
0.835,125.983,0.527,pop,-5.298,0.654,0.0433,82,176658
0.861,119.963,0.663,pop,-3.398,0.654,0.109,81,220800
0.699,92.96,0.759,pop,-5.745,0.907,0.0307,81,211067
0.806,94.948,0.843,pop,-5.946,0.613,0.269,81,270507
0.806,119.001,0.851,pop,-4.618,0.774,0.0787,81,237200
0.802,124.022,0.721,pop,-5.797,0.724,0.0583,82,229360
0.856,127.949,0.596,pop,-3.556,0.743,0.0346,81,222533
0.824,118.818,0.709,pop,-8.824,0.867,0.0453,81,291293
0.869,159.805,0.533,pop,-5.093,0.425,0.173,80,208373
0.844,113.324,0.788,pop,-3.131,0.382,0.0334,80,251240
0.803,106.97,0.818,pop,-4.282,0.632,0.0797,80,225983
0.799,120.372,0.71,pop,-4.897,0.725,0.0328,80,238267
0.834,139.13,0.509,pop,-6.205,0.774,0.0386,80,216053
0.795,89.99,0.646,pop,-3.293,0.796,0.0976,80,210960
0.58,120.021,0.782,pop,-6.548,0.66,0.0407,80,193400
0.882,102.04,0.742,pop,-2.862,0.463,0.117,80,221176
0.787,126.062,0.604,pop,-3.674,0.301,0.103,80,245040
0.583,117,0.967,pop,-5.562,0.964,0.0789,80,242733
0.766,127.966,0.744,pop,-6.375,0.61,0.0265,80,289133
0.567,125.02,0.845,pop,-8.118,0.793,0.0956,79,205680
0.669,122.669,0.834,pop,-5.582,0.547,0.0637,79,267080
0.864,110.009,0.768,pop,-6.149,0.891,0.0324,79,173027
0.761,128.046,0.722,pop,-4.46,0.624,0.0475,79,201493
0.834,95.053,0.751,pop,-5.444,0.894,0.0437,79,211160
0.501,144.438,0.5,pop,-8.284,0.623,0.0376,79,153800
0.739,118.99,0.822,pop,-4.541,0.745,0.0311,79,241933
0.857,128.024,0.414,pop,-4.078,0.348,0.0808,79,212960
0.574,125.18,0.613,pop,-7.961,0.755,0.467,78,209107
0.491,119.528,0.749,pop,-9.655,0.536,0.0403,78,292613
0.84,129.042,0.612,pop,-3.145,0.438,0.0509,78,212862
0.815,123.063,0.636,pop,-5.098,0.636,0.0581,78,219043
0.714,100.972,0.892,pop,-6.055,0.817,0.141,78,267267
0.814,124.921,0.707,pop,-4.509,0.717,0.0577,78,238627
0.917,132.975,0.652,pop,-6.72,0.459,0.0548,78,239027
0.844,131.459,0.729,pop,-8.824,0.777,0.0344,78,275440
0.563,126.007,0.766,pop,-7.516,0.964,0.0339,78,230640
0.6,125.04,0.951,pop,-4.675,0.822,0.0685,78,218573
0.726,121.981,0.503,pop,-5.456,0.529,0.167,78,255632
0.736,127.999,0.579,pop,-3.863,0.613,0.0527,78,230613
0.777,130.003,0.73,pop,-5.194,0.575,0.0496,78,284867
0.783,105.39,0.554,pop,-5.852,0.813,0.0457,78,162467
0.551,92.887,0.911,pop,-3.75,0.969,0.045,78,265867
0.8,160.078,0.647,pop,-5.384,0.942,0.165,78,219200
0.64,99.017,0.779,pop,-8.415,0.499,0.159,78,246960
0.808,126.041,0.72,pop,-5.627,0.869,0.0379,77,307154
0.625,93.764,0.798,pop,-9.689,0.858,0.0548,77,211213
0.86,127.075,0.608,pop,-5.324,0.437,0.0554,77,232947
0.811,116.047,0.794,pop,-8.966,0.862,0.038,77,248413
0.889,126.04,0.584,pop,-5.941,0.464,0.0343,77,199907
0.654,117.046,0.92,pop,-3.051,0.847,0.0401,77,293827
0.758,135.956,0.673,pop,-3.632,0.542,0.158,77,229507
0.716,94.379,0.535,pop,-5.025,0.901,0.0431,77,175173
0.77,99.165,0.646,pop,-6.596,0.681,0.226,77,236133
0.927,123.962,0.631,pop,-2.787,0.465,0.0332,77,222160
0.922,146.078,0.641,pop,-4.457,0.847,0.0786,76,258343
0.716,125.006,0.747,pop,-2.457,0.751,0.0751,76,210627
0.646,88.634,0.867,pop,-4.674,0.67,0.288,76,304600
0.87,109.901,0.597,pop,-11.97,0.944,0.0371,76,238733
0.869,127.966,0.616,pop,-3.911,0.473,0.0327,76,234560
0.855,120.05,0.67,pop,-3.035,0.648,0.0499,77,227280
0.748,137.547,0.749,pop,-7.011,0.827,0.0323,76,213267
0.738,117.656,0.731,pop,-8.125,0.958,0.0377,76,236920
0.83,113.03,0.666,pop,-5.715,0.702,0.0751,76,236002
0.756,131.715,0.802,pop,-10.791,0.963,0.0349,76,288293
0.915,126.094,0.544,pop,-3.405,0.51,0.0841,76,184280
0.86,93.989,0.737,pop,-2.652,0.656,0.0593,76,193227
0.851,126.885,0.722,pop,-3.873,0.452,0.0639,76,197936
0.809,98.007,0.723,pop,-3.081,0.274,0.0625,76,176561
0.89,128.011,0.706,pop,-4.444,0.684,0.0688,76,248133
0.593,119.958,0.79,pop,-9.204,0.72,0.0776,75,206067
0.766,127.975,0.735,pop,-4.485,0.6,0.0383,75,215227
0.835,129.981,0.572,pop,-6.219,0.795,0.0317,75,241600
0.872,126.05,0.56,pop,-4.269,0.682,0.14,75,205933
0.751,91.031,0.706,pop,-6.323,0.195,0.0708,75,182307
0.702,129.948,0.686,pop,-5.325,0.29,0.0455,75,214840
0.861,128.99,0.704,pop,-4.221,0.636,0.0493,75,213394
0.655,122.49,0.572,pop,-7.027,0.392,0.0344,75,237053
0.7,101.875,0.85,pop,-6.49,0.724,0.0478,75,291782
0.807,174.06,0.622,pop,-6.752,0.892,0.408,75,220293
0.697,122.746,0.613,pop,-8.618,0.476,0.133,74,320357
0.648,125.035,0.869,pop,-8.698,0.9,0.0633,75,339320
0.843,117.662,0.529,pop,-6.908,0.188,0.0616,74,310333
0.832,107.657,0.794,pop,-4.862,0.871,0.0407,74,196160
0.954,128.016,0.627,pop,-4.804,0.312,0.0425,74,223112
0.853,108.016,0.731,pop,-4.219,0.605,0.0363,74,225360
0.842,111.038,0.625,pop,-5.285,0.26,0.0376,74,342680
0.842,132.032,0.706,pop,-3.956,0.861,0.0417,74,220227
0.928,172.656,0.614,pop,-4.806,0.879,0.0516,74,200560
0.741,107.075,0.956,pop,-4.753,0.911,0.124,74,228240
0.675,107.064,0.684,pop,-8.123,0.924,0.0257,74,243933
0.879,129.991,0.812,pop,-10.998,0.962,0.0397,74,197960
0.711,110.621,0.975,pop,-3.904,0.815,0.0632,74,234027
0.772,128.168,0.766,pop,-9.362,0.919,0.0353,74,220893
0.535,103.644,0.707,pop,-19.793,0.641,0.0436,74,92867
0.833,95.487,0.715,pop,-5.379,0.612,0.108,73,213093
0.821,118.881,0.878,pop,-9.875,0.947,0.089,73,365467
0.862,128.036,0.498,pop,-6.02,0.469,0.0588,73,192294
0.857,119.975,0.56,pop,-4.145,0.432,0.0384,73,215360
0.495,104.409,0.737,pop,-13.489,0.967,0.027,73,197147
0.699,122.987,0.811,pop,-5.211,0.733,0.114,73,214789
0.954,178.043,0.425,pop,-3.756,0.933,0.0476,73,243160
0.599,119.993,0.853,pop,-4.756,0.843,0.0411,73,263827
0.931,113.026,0.753,pop,-4.922,0.767,0.0653,73,189693
0.837,126.342,0.597,pop,-6.518,0.447,0.375,73,171360
0.713,115.443,0.784,pop,-6.865,0.97,0.0339,73,220560
0.985,127.99,0.801,pop,-2.69,0.72,0.0647,72,166933
0.271,111.485,0.898,pop,-12.238,0.742,0.091,73,226240
0.876,129.884,0.666,pop,-3.078,0.552,0.0414,72,194840
0.76,129.996,0.702,pop,-3.174,0.696,0.0684,72,179640
0.81,126.052,0.572,pop,-5.791,0.11,0.0558,72,214912
0.781,119.977,0.751,pop,-3.724,0.814,0.0862,72,202613
0.952,122.093,0.398,pop,-6.042,0.584,0.061,72,278680
0.534,108.17,0.877,pop,-6.178,0.89,0.15,72,197560
0.838,100.021,0.832,pop,-5.414,0.965,0.0421,72,218733
0.868,131.468,0.704,pop,-5.808,0.808,0.0315,72,188133
0.662,124.149,0.729,pop,-7.191,0.359,0.337,72,260907
0.937,132.067,0.727,pop,-2.871,0.749,0.286,72,219493
0.736,130.011,0.75,pop,-4.168,0.355,0.155,72,262147
0.859,124.948,0.733,pop,-5.03,0.52,0.033,71,147840
0.786,96.987,0.808,pop,-6.897,0.899,0.0447,71,191240
0.63,120.016,0.875,pop,-3.475,0.548,0.0994,71,272080
0.517,133.149,0.867,pop,-13.22,0.862,0.088,71,257360
0.907,140.982,0.518,pop,-3.732,0.961,0.0343,71,179013
0.936,131.986,0.729,pop,-7.536,0.598,0.0776,71,194000
0.828,123.907,0.587,pop,-5.108,0.493,0.161,71,260253
0.763,101.965,0.72,pop,-4.068,0.742,0.0523,70,251088
0.748,125.896,0.503,pop,-4.124,0.356,0.0619,70,210013
0.573,107.363,0.684,pop,-12.3,0.716,0.0261,70,378947
0.805,127.808,0.69,pop,-11.522,0.799,0.0336,70,264280
0.732,146.005,0.583,pop,-5.729,0.277,0.0459,70,213428
0.792,116.012,0.979,pop,-2.784,0.583,0.0388,70,254467
0.556,138.978,0.531,pop,-6.245,0.156,0.0252,82,132160
0.663,146.053,0.634,pop,-6.818,0.6,0.0331,80,177533
0.394,96.192,0.421,pop,-8.312,0.399,0.0277,78,211000
0.546,104.996,0.742,pop,-7.694,0.868,0.0315,78,260520
0.486,163.9,0.687,pop,-8.673,0.792,0.0579,76,224726
0.529,75.515,0.551,pop,-10.469,0.521,0.0517,80,182307
0.0867,129.989,0.696,pop,-25.203,0.349,0.0418,73,98750
0.351,87.057,0.665,pop,-9.424,0.451,0.0276,71,126120
0.585,102.331,0.75,pop,-7.576,0.584,0.0285,73,159595
0.286,71.123,0.587,pop,-8.839,0.302,0.0315,71,224680
0.382,155.901,0.541,pop,-14.323,0.343,0.035,73,204991
0.864,105.143,0.556,rock,-5.87,0.4,0.0584,88,216880
0.872,184.115,0.466,rock,-3.344,0.806,0.0336,89,190428
0.62,117.038,0.741,rock,-5.505,0.934,0.0412,79,251424
0.568,107.849,0.614,rock,-5.477,0.516,0.0276,77,293960
0.532,85.03,0.548,rock,-7.596,0.405,0.0323,84,272394
0.767,96.483,0.592,rock,-2.788,0.328,0.027,81,329733
0.715,155.925,0.315,rock,-8.072,0.497,0.0362,87,289533
0.713,74.989,0.645,rock,-5.355,0.566,0.0393,80,214507
0.795,123.229,0.458,rock,-3.265,0.513,0.0574,81,255373
0.935,120.092,0.627,rock,-4.882,0.287,0.0324,81,205227
0.87,164.057,0.28,rock,-4.219,0.284,0.0592,71,261960
0.865,100.016,0.58,rock,-4.359,0.587,0.0313,74,196133
0.941,119.783,0.502,rock,-5.194,0.124,0.0716,75,219987
0.972,110.006,0.585,rock,-4.45,0.585,0.0534,76,230253
0.881,158.066,0.413,rock,-5.541,0.364,0.0367,81,250547
0.808,117.971,0.493,rock,-3.365,0.38,0.0362,70,268613
0.742,159.779,0.268,rock,-4.939,0.416,0.0355,74,321093
0.839,94.015,0.517,rock,-3.521,0.416,0.0287,73,215880
0.637,80.401,0.514,rock,-6.418,0.18,0.0363,71,209307
0.796,169.835,0.289,rock,-4.22,0.33,0.0494,74,238680
0.717,88.969,0.595,rock,-4.803,0.547,0.0295,82,215907
0.442,81.201,0.513,rock,-13.529,0.243,0.0343,72,229227
0.911,108,0.615,rock,-3.584,0.685,0.0278,74,205400
0.938,91.455,0.618,rock,-3.442,0.875,0.0456,81,269000
0.684,77.15,0.36,rock,-6.457,0.2,0.0308,73,342653
0.901,113.967,0.621,rock,-5.396,0.744,0.0302,74,300773
0.595,129.786,0.519,rock,-5.001,0.237,0.0283,68,247067
0.849,156.036,0.636,rock,-7.075,0.917,0.106,76,175493
0.9,104.655,0.427,rock,-3.674,0.599,0.0499,77,334667
0.921,120,0.668,rock,-3.727,0.782,0.0439,78,212440
0.944,105.338,0.394,rock,-6.506,0.265,0.0761,77,292581
0.652,173.008,0.274,rock,-6.196,0.1,0.0625,70,288036
0.905,128.019,0.602,rock,-4.046,0.411,0.0775,75,304840
0.715,137.028,0.276,rock,-5.356,0.173,0.0432,76,230760
0.913,96.184,0.556,rock,-2.36,0.73,0.0437,77,282160
0.839,143.969,0.572,rock,-5.083,0.465,0.0377,73,196784
0.588,144.636,0.424,rock,-5.455,0.193,0.0278,74,226680
0.939,106.031,0.644,rock,-3.486,0.861,0.0456,74,208107
0.486,119.955,0.556,rock,-7.139,0.243,0.0329,68,236533
0.842,100.127,0.297,rock,-7.457,0.586,0.0488,72,206773
0.796,105.991,0.6,rock,-4.481,0.75,0.0275,71,257920
0.663,104.561,0.277,rock,-8.821,0.527,0.0377,80,237027
0.645,89.518,0.552,rock,-6.595,0.588,0.0268,68,299733
0.584,170.411,0.509,rock,-4.907,0.685,0.057,69,278747
0.94,151.417,0.437,rock,-6.946,0.48,0.0426,73,212013
0.97,122.444,0.451,rock,-4.938,0.198,0.107,74,216933
0.945,91.906,0.51,rock,-5.405,0.323,0.0804,79,183584
0.862,98.021,0.511,rock,-5.677,0.361,0.0659,69,221451
0.812,82.002,0.417,rock,-3.979,0.419,0.0332,69,230053
0.872,184.115,0.466,rock,-3.344,0.806,0.0336,79,190428
0.866,109.825,0.308,metal,-5.671,0.227,0.059,69,438120
0.964,140.817,0.445,metal,-5.493,0.448,0.282,68,414720
0.908,114.816,0.415,metal,-9.701,0.437,0.0765,71,243533
0.836,105.173,0.543,metal,-9.11,0.56,0.0353,75,515387
0.908,159.756,0.285,metal,-4.601,0.669,0.0705,71,252733
0.704,118.242,0.43,metal,-8.008,0.703,0.0804,73,315120
0.934,127.066,0.417,metal,-3.908,0.287,0.119,83,210240
0.891,92.049,0.283,metal,-8.165,0.226,0.178,68,258267
0.695,102.178,0.437,metal,-9.447,0.413,0.0617,72,447440
0.763,148.366,0.365,metal,-9.45,0.342,0.0591,69,204867
0.908,114.816,0.415,metal,-9.701,0.437,0.0765,71,243533
0.982,143.772,0.354,metal,-3.026,0.194,0.168,80,252613
0.828,123.257,0.577,metal,-8.691,0.604,0.0298,79,331267
0.916,118.004,0.58,metal,-4.358,0.683,0.0387,75,305907
0.898,103.299,0.353,metal,-5.877,0.525,0.052,77,255733
0.963,125.033,0.59,metal,-6.489,0.586,0.0676,77,222827
0.949,129.984,0.554,metal,-4.928,0.233,0.0787,70,374453
0.781,71.841,0.443,metal,-4.277,0.372,0.0377,77,214760
0.714,107.441,0.567,metal,-8.512,0.191,0.0302,68,403533
0.776,77.987,0.585,punk,-5.898,0.427,0.0459,81,244507
0.954,143.85,0.465,punk,-4.251,0.458,0.044,70,193653
0.849,162.152,0.643,punk,-5.428,0.903,0.0526,80,165853
0.691,100.008,0.718,punk,-6.44,0.552,0.0387,69,213107
0.887,119.974,0.606,punk,-4.404,0.903,0.0598,69,193000
0.75,118.015,0.774,punk,-4.927,0.927,0.0412,72,197987
0.906,172.977,0.517,punk,-3.677,0.731,0.0735,73,211520
0.883,93.41,0.45,punk,-4.094,0.328,0.0524,69,214707
0.9,149.937,0.487,punk,-4.417,0.484,0.0482,77,204000
0.406,151.95,0.457,punk,-7.462,0.208,0.0291,73,223067
0.936,170.229,0.414,punk,-2.407,0.74,0.0758,70,242413
0.939,177.751,0.494,punk,-3.127,0.893,0.126,75,175093
0.893,104.031,0.61,punk,-3.681,0.673,0.0921,71,296520
0.923,136.01,0.602,punk,-3.763,0.765,0.044,78,216013
0.83,170.094,0.569,punk,-4.106,0.609,0.14,72,186635
0.897,148.708,0.434,punk,-4.918,0.685,0.0488,81,167067
0.814,104.98,0.546,punk,-5.146,0.146,0.0314,77,285653
0.943,94.612,0.331,punk,-3.188,0.296,0.0698,83,235893
0.926,149.976,0.578,punk,-3.689,0.877,0.0548,71,220707
0.781,110.024,0.655,punk,-6.547,0.584,0.034,75,227240
0.682,167.06,0.496,punk,-4.095,0.474,0.0294,70,262333
0.988,186.113,0.38,punk,-2.042,0.769,0.0639,79,176346
0.823,87.904,0.693,punk,-3.761,0.741,0.0726,68,196093
0.563,137.715,0.452,punk,-6.607,0.209,0.0272,74,267653
0.744,119.921,0.628,punk,-4.718,0.277,0.0379,68,169397
0.946,103.408,0.494,punk,-2.757,0.741,0.0637,74,169027
0.904,173.734,0.486,punk,-3.751,0.786,0.0638,71,198267
0.932,92.956,0.545,punk,-2.189,0.464,0.0399,75,192000
0.873,143.519,0.308,punk,-4.542,0.686,0.0533,68,206587
0.892,154.844,0.46,punk,-5.046,0.59,0.0619,77,203507
0.857,111.647,0.463,punk,-3.063,0.856,0.0632,79,161920
0.914,196.482,0.403,punk,-5.215,0.626,0.142,73,178267
0.951,157.663,0.391,punk,-7.419,0.468,0.0688,77,148360
0.705,138.559,0.818,punk,-6.679,0.772,0.177,84,222640
0.94,179.722,0.21,punk,-3.427,0.255,0.123,74,186480
0.87,164.057,0.28,punk,-4.219,0.284,0.0592,71,261960
0.818,119.965,0.695,punk,-5.379,0.916,0.0334,73,182693
0.96,125.921,0.356,punk,-3.487,0.0857,0.104,76,204733
0.883,122.252,0.467,punk,-3.679,0.309,0.106,72,299227
0.986,165.981,0.411,punk,-2.522,0.649,0.0583,68,205960
0.796,169.835,0.289,punk,-4.22,0.33,0.0494,74,238680
0.886,145.781,0.202,punk,-3.805,0.192,0.0816,70,194253
0.928,95.594,0.579,punk,-4.344,0.882,0.0411,74,171533
0.842,162.011,0.494,punk,-4.784,0.574,0.0843,76,229093
0.961,114.451,0.621,punk,-3.198,0.449,0.154,75,180267
0.959,193.144,0.409,punk,-4.563,0.83,0.0869,69,171600
0.827,167.086,0.29,punk,-3.451,0.45,0.0362,69,493400
0.775,136.02,0.52,punk,-5.803,0.383,0.0348,71,249627
0.965,112.363,0.403,punk,-2.238,0.431,0.0964,75,236293
0.925,159.989,0.472,punk,-3.545,0.338,0.15,68,267867
0.422,112.751,0.756,blues,-12.967,0.487,0.0292,72,304133
0.214,67.531,0.332,blues,-12.518,0.11,0.0349,75,271093
0.498,116.262,0.581,blues,-6.9,0.111,0.0276,74,206360
0.428,149.705,0.641,blues,-9.29,0.53,0.024,70,351467
0.519,140.054,0.546,blues,-9.072,0.247,0.0291,71,342400
0.652,80.61,0.52,blues,-6.655,0.722,0.0274,77,258787
0.402,119.873,0.651,blues,-9.303,0.258,0.028,68,345600
0.317,131.783,0.509,blues,-16.063,0.247,0.0305,69,192067
0.381,121.948,0.476,blues,-10.238,0.33,0.0342,70,286920
0.264,99.304,0.636,blues,-14.567,0.264,0.0263,68,238467
0.249,82.803,0.418,blues,-13.744,0.213,0.0301,71,218547
0.74,118.01,0.593,blues,-6.12,0.501,0.0339,69,208107
0.64,101.991,0.691,blues,-5.087,0.452,0.0384,69,210227
0.533,131.745,0.584,blues,-7.11,0.224,0.0305,71,288427
0.65,129.993,0.727,blues,-5.357,0.668,0.0337,70,254533
0.588,94.519,0.686,blues,-8.343,0.617,0.0554,75,249120
0.72,79.983,0.508,blues,-5.908,0.472,0.0628,71,261640
0.612,86.768,0.536,blues,-5.847,0.57,0.272,71,229040
0.438,87.903,0.384,blues,-9.149,0.287,0.0362,72,456867
0.467,119.919,0.615,blues,-9.883,0.177,0.0327,74,273667
0.825,94.931,0.56,blues,-3.862,0.268,0.0379,75,237493
0.602,94.382,0.805,blues,-9.7,0.744,0.0579,73,238600
0.512,128.019,0.634,blues,-8.651,0.193,0.0285,68,331240
0.479,81.998,0.675,blues,-9.87,0.454,0.0278,75,209493
0.678,138.009,0.713,blues,-3.525,0.734,0.102,78,271333
0.859,65.043,0.728,blues,-5.237,0.535,0.137,81,214240
0.629,93.985,0.657,blues,-4.938,0.726,0.0782,69,266893
0.467,138.007,0.845,blues,-7.674,0.702,0.138,68,211200
0.621,140.036,0.583,blues,-6.902,0.399,0.0479,70,323480
0.68,132.012,0.727,blues,-4.498,0.728,0.0286,77,212507
0.925,86.989,0.749,blues,-5.034,0.641,0.227,83,263373
0.73,93.867,0.637,blues,-5.38,0.731,0.0877,69,218947
0.932,129.473,0.522,blues,-2.87,0.33,0.255,68,299507
0.622,74.267,0.328,blues,-7.291,0.401,0.0866,74,228093
0.422,74.375,0.692,blues,-10.533,0.468,0.0333,72,193120
0.549,90.04,0.644,blues,-5.415,0.167,0.0285,71,253813
0.479,184.374,0.656,blues,-7.055,0.708,0.0348,69,261867
0.768,80.063,0.78,blues,-4.325,0.507,0.238,79,404107
0.656,104.036,0.638,blues,-5.886,0.225,0.0357,75,262467
0.476,139.987,0.84,blues,-7.918,0.767,0.0629,74,201400
0.614,136.628,0.553,blues,-5.098,0.345,0.0306,71,242679
0.596,93.135,0.569,blues,-6.486,0.754,0.172,69,217347
0.565,101.967,0.78,blues,-7.32,0.365,0.0306,77,322133
0.306,118.068,0.65,blues,-9.443,0.605,0.0393,75,180056
0.661,130.009,0.762,blues,-6.075,0.769,0.0687,78,225373
0.606,97.785,0.596,rock,-12.145,0.886,0.0255,78,283800
0.834,118.222,0.249,rock,-8.21,0.337,0.0574,75,547107
0.752,120.47,0.422,rock,-8.682,0.404,0.0449,73,356627
0.247,140.232,0.467,folk,-14.161,0.258,0.0314,72,209078
0.5,117.896,0.664,folk,-6.935,0.801,0.0651,87,182347
0.638,144.458,0.486,folk,-6.231,0.178,0.0323,74,199827
0.122,148.658,0.264,folk,-15.399,0.0735,0.0349,72,371320
0.485,95.968,0.753,folk,-9.431,0.547,0.035,73,206250
0.561,115.011,0.598,folk,-11.676,0.231,0.0376,74,279000
0.324,141.8,0.733,folk,-8.122,0.388,0.033,71,199391
0.22,129.9,0.702,folk,-13.696,0.197,0.0403,79,145438
0.467,157.338,0.413,folk,-9.282,0.377,0.0292,69,200589
0.378,120.133,0.662,folk,-10.908,0.207,0.0361,73,297103
0.216,79.109,0.555,folk,-11.661,0.504,0.0721,84,87000
0.291,83.943,0.388,folk,-12.952,0.51,0.0421,77,202047
0.363,121.412,0.531,folk,-7.672,0.259,0.0608,77,229720
0.187,132.679,0.303,folk,-16.757,0.212,0.0356,83,160853
0.551,148.035,0.527,folk,-11.258,0.443,0.0345,84,159636
0.186,110.044,0.6,folk,-15.926,0.468,0.0317,76,217467
0.439,122.877,0.586,folk,-7.993,0.365,0.0346,73,199756
0.417,87.003,0.654,folk,-9.226,0.649,0.0387,68,147608
0.731,101.654,0.483,folk,-6.696,0.484,0.0381,85,204280
0.731,94.009,0.656,folk,-5.861,0.376,0.0278,71,147167
0.624,170.076,0.505,folk,-6.526,0.413,0.0373,70,194417
0.452,108.953,0.413,folk,-10.232,0.102,0.0308,69,196211
0.864,99.995,0.637,folk,-4.381,0.706,0.0468,69,214720
0.413,94.938,0.494,folk,-10.432,0.273,0.0254,93,211979
0.331,95.015,0.611,folk,-12.493,0.559,0.028,73,178293
0.312,128.094,0.681,folk,-16.173,0.789,0.0452,69,171853
0.316,127.823,0.625,folk,-12.124,0.452,0.0815,70,236027
0.399,171.402,0.537,folk,-13.547,0.832,0.0269,71,187110
0.533,130.398,0.687,folk,-8.853,0.814,0.0314,71,229707
0.507,123.188,0.653,folk,-17.18,0.831,0.0534,76,252240
0.331,95.015,0.611,folk,-12.493,0.559,0.028,73,178293
0.309,82.789,0.583,folk,-14.509,0.473,0.045,74,192480
0.748,119.965,0.868,indian,-3.492,0.829,0.0951,73,176000
0.611,100.024,0.854,indian,-6.26,0.417,0.0864,68,254400
0.128,109.986,0.522,lofi,-18.717,0.124,0.0357,70,187932
0.235,118.917,0.498,lofi,-16.541,0.0895,0.188,73,179080
0.00362,69.677,0.235,classical,-37.822,0.0885,0.0441,70,105941
0.618,126.031,0.853,electronic,-10.833,0.32,0.0923,83,145599
0.518,126.089,0.875,electronic,-8.388,0.37,0.0551,84,213364
0.791,122.085,0.571,electronic,-5.935,0.585,0.0741,70,175803
0.717,121.985,0.793,electronic,-4.759,0.466,0.0393,76,195547
0.942,120,0.762,electronic,-6.432,0.038,0.038,72,140000
0.777,108.005,0.58,electronic,-5.69,0.589,0.0655,76,178273
0.836,113.998,0.729,electronic,-4.312,0.288,0.0462,71,154731
0.518,126.089,0.875,electronic,-8.388,0.37,0.0551,84,213364
0.787,119.996,0.704,electronic,-6.751,0.31,0.0462,83,214000
0.618,126.031,0.853,electronic,-10.833,0.32,0.0923,83,145599
0.856,127.949,0.596,electronic,-3.556,0.743,0.0346,81,222533
0.869,126.027,0.874,electronic,-5.996,0.726,0.0315,80,102861
0.729,127.028,0.88,electronic,-6.378,0.246,0.176,79,198425
0.86,128.004,0.755,electronic,-4.811,0.618,0.0523,77,152305
0.813,125.91,0.513,electronic,-2.744,0.355,0.0335,77,164285
0.797,121.985,0.845,electronic,-4.984,0.422,0.139,77,151475
0.777,108.005,0.58,electronic,-5.69,0.589,0.0655,76,178273
0.818,125.952,0.687,electronic,-4.221,0.886,0.0778,76,165753
0.69,125.004,0.847,electronic,-7.877,0.692,0.0493,76,186662
0.896,101.216,0.67,electronic,-4.673,0.403,0.058,75,160000
0.876,129.998,0.671,electronic,-5.681,0.964,0.0352,75,231545
0.722,121.964,0.587,electronic,-6.983,0.466,0.0709,75,180843
0.886,120.032,0.655,electronic,-5.227,0.778,0.0502,74,199505
0.655,129.89,0.558,electronic,-5.476,0.39,0.0379,77,156923
0.637,120.033,0.847,electronic,-8.751,0.0509,0.0587,74,208135
0.793,87.024,0.545,electronic,-3.615,0.411,0.0371,74,184852
0.647,117.737,0.581,electronic,-7.335,0.257,0.0614,73,139384
0.785,123.96,0.621,electronic,-4.499,0.779,0.11,73,155253
0.841,129.973,0.714,electronic,-5.942,0.865,0.0641,72,137223
0.821,125.051,0.848,electronic,-5.408,0.249,0.0527,72,157445
0.855,75.031,0.605,electronic,-4.414,0.302,0.329,72,140987
0.782,127.034,0.763,electronic,-4.541,0.502,0.0346,71,177689
0.821,140.039,0.777,electronic,-4.963,0.439,0.0595,71,169535
0.594,129.995,0.853,electronic,-6.823,0.83,0.0371,71,188360
0.867,124.015,0.747,electronic,-7.311,0.684,0.088,70,220653
0.606,123.006,0.567,electronic,-6.543,0.314,0.0438,68,171785
0.937,123.993,0.651,electronic,-4.078,0.666,0.0468,69,125179
0.888,123.031,0.671,electronic,-4.285,0.412,0.0412,69,146341
0.714,127.993,0.634,electronic,-7.529,0.409,0.104,69,146523
0.897,124.025,0.689,electronic,-4.487,0.582,0.034,69,181957
0.863,130.02,0.652,electronic,-4.853,0.805,0.0523,69,155077
0.688,127.938,0.608,electronic,-8.597,0.214,0.0499,68,171094
0.951,74.973,0.772,electronic,-3.375,0.4,0.271,68,152000
0.88,130.085,0.588,electronic,-5.15,0.523,0.0354,68,144649
0.831,126.056,0.785,electronic,-3.681,0.673,0.0444,68,170359
0.8,119.984,0.724,electronic,-5.468,0.925,0.0541,68,227283
0.392,75.066,0.599,electronic,-6.869,0.26,0.0257,70,282813
0.802,100.001,0.713,electronic,-7.055,0.343,0.0561,71,226739
0.953,141.99,0.631,electronic,-3.739,0.422,0.0343,68,273803
0.942,120,0.762,electronic,-6.432,0.038,0.038,72,140000
0.432,81.109,0.695,latin,-8.195,0.765,0.0479,71,216107
0.483,90.941,0.738,latin,-9.097,0.774,0.0526,68,181307
0.538,80.096,0.72,latin,-8.874,0.805,0.0455,73,177040
0.712,91.98,0.848,latin,-3.574,0.692,0.0981,84,298131
0.681,99.998,0.725,latin,-5.277,0.762,0.0376,73,230526
0.519,100.025,0.763,latin,-7.426,0.804,0.0636,83,134930
0.616,104.008,0.773,latin,-4.516,0.25,0.0416,72,190107
0.854,117.994,0.786,latin,-2.4,0.522,0.0741,77,278644
0.578,167.985,0.724,latin,-7.117,0.757,0.0819,71,211879
0.778,96.057,0.911,latin,-2.248,0.345,0.262,84,162768
0.645,119.935,0.801,latin,-5.605,0.528,0.0706,70,208000
0.621,139.056,0.787,latin,-5.009,0.13,0.068,77,267194
0.724,94.601,0.847,latin,-5.41,0.396,0.298,73,216328
0.795,94.969,0.845,latin,-3.502,0.681,0.0681,81,197053
0.738,169.918,0.841,latin,-7.455,0.484,0.307,83,172798
0.8,143.978,0.652,latin,-4.019,0.234,0.0614,74,231704
0.706,140.017,0.863,latin,-5.555,0.686,0.103,73,208125
0.703,123.06,0.713,latin,-5.769,0.576,0.194,69,255693
0.712,92.005,0.911,latin,-5.105,0.425,0.0817,81,178567
0.616,103.071,0.797,latin,-10.229,0.451,0.375,74,339612
0.475,98.047,0.801,latin,-8.797,0.234,0.0516,79,213061
0.715,106.672,0.65,latin,-5.198,0.187,0.253,79,243717
0.684,114.011,0.795,latin,-3.971,0.419,0.0419,76,237895
0.786,196.12,0.663,latin,-3.51,0.579,0.195,73,198367
0.707,127.963,0.771,latin,-6.404,0.317,0.055,73,228750
0.856,91.995,0.815,latin,-3.825,0.872,0.122,78,151667
0.86,175.896,0.725,latin,-3.726,0.791,0.182,74,230125
0.688,153.979,0.659,latin,-4.649,0.632,0.0673,73,273474
0.648,179.951,0.644,latin,-4.601,0.44,0.118,75,206710
0.637,92.025,0.811,latin,-4.835,0.471,0.0591,72,130014
0.618,81.993,0.856,latin,-4.892,0.391,0.286,74,203201
0.759,91.952,0.78,latin,-3.292,0.579,0.225,69,201040
0.573,109.928,0.731,latin,-10.059,0.145,0.0544,75,205090
0.765,174.021,0.691,latin,-4.727,0.855,0.111,74,246000
0.829,96.172,0.607,latin,-4.074,0.685,0.379,72,295177
0.848,179.87,0.685,latin,-4.561,0.761,0.0858,70,163084
0.791,92.023,0.86,latin,-4.784,0.887,0.0568,73,175918
0.603,129.928,0.9,latin,-5.313,0.824,0.0646,74,170972
0.801,93.992,0.762,latin,-3.661,0.81,0.0409,68,136893
0.758,97.014,0.86,latin,-5.16,0.453,0.0695,69,172127
0.703,94.004,0.879,latin,-4.219,0.788,0.0701,71,199711
0.596,165.951,0.819,latin,-7.009,0.622,0.318,70,225542
0.646,176.088,0.756,latin,-5.795,0.429,0.319,82,242573
0.791,92.603,0.639,latin,-4.443,0.933,0.254,75,222347
0.624,176.169,0.61,latin,-4.773,0.244,0.309,72,250534
0.689,97.963,0.882,latin,-4.027,0.746,0.124,69,161627
0.647,95.982,0.857,latin,-4.152,0.553,0.0984,69,267500
0.86,93.989,0.737,latin,-2.652,0.656,0.0593,76,193227
0.836,96.993,0.746,latin,-4.336,0.874,0.0445,70,203187
0.673,87.961,0.818,latin,-7.542,0.695,0.148,74,193636
0.711,173.916,0.718,latin,-5.746,0.92,0.11,72,226413
0.701,175.95,0.73,latin,-5.885,0.785,0.106,82,207307
0.746,175.965,0.746,latin,-5.046,0.733,0.102,69,243227
0.681,140.006,0.807,latin,-6.268,0.676,0.0983,69,297485
0.69,106.034,0.799,latin,-7.252,0.682,0.1,70,352442
0.812,87.864,0.683,latin,-4.493,0.724,0.0711,69,250840
0.598,83.836,0.55,latin,-5.402,0.543,0.0831,74,232496
0.761,168.022,0.714,latin,-4.596,0.906,0.0427,69,230693
0.617,168.021,0.713,latin,-4.637,0.682,0.0887,70,232853
0.675,79.31,0.627,latin,-7.125,0.961,0.212,75,277107
0.706,88.863,0.635,latin,-3.224,0.443,0.125,70,209160
0.766,130.001,0.762,latin,-3.955,0.442,0.0343,76,287120
0.745,94.979,0.793,latin,-4.579,0.716,0.0571,69,235411
0.766,93.956,0.737,latin,-4.242,0.662,0.0458,70,196500
0.703,169.888,0.639,latin,-6.33,0.138,0.0794,70,207301
0.7,93.991,0.843,latin,-3.563,0.899,0.0803,69,226088
0.694,90.02,0.869,latin,-3.35,0.511,0.0783,68,224997
0.636,174.14,0.695,latin,-4.654,0.575,0.317,70,172235
0.903,78.293,0.564,latin,-3.221,0.607,0.307,71,230400
0.674,99.968,0.804,latin,-5.453,0.292,0.0333,79,245940
0.584,115.018,0.849,latin,-8.195,0.724,0.115,71,139041
0.673,181.891,0.655,latin,-5.98,0.342,0.308,70,249520
0.858,92.523,0.627,latin,-2.824,0.342,0.386,68,209160
0.694,95,0.703,latin,-4.808,0.298,0.0607,71,245739
0.789,91.911,0.757,latin,-3.46,0.464,0.0583,78,202174
0.739,179.879,0.704,latin,-3.286,0.425,0.112,70,208292
0.846,98.026,0.734,latin,-3.425,0.604,0.0489,70,209884
0.662,93.976,0.892,latin,-3.894,0.607,0.162,68,227013
0.479,169.922,0.812,latin,-5.678,0.559,0.333,79,234353
0.892,97.008,0.791,latin,-2.58,0.916,0.0521,74,150619
0.737,91.986,0.708,latin,-4.045,0.607,0.0436,82,197920
0.711,102.984,0.822,latin,-4.943,0.934,0.0668,71,199947
0.812,162.087,0.785,latin,-3.174,0.903,0.0644,72,206103
0.794,92.998,0.843,latin,-4.686,0.796,0.0426,69,275040
0.769,167.969,0.771,latin,-3.504,0.931,0.0694,68,289899
0.88,180.011,0.72,latin,-2.834,0.463,0.101,75,197333
0.672,93.999,0.817,latin,-5.612,0.774,0.299,72,332240
0.543,98.992,0.898,latin,-8.317,0.359,0.121,71,305114
0.709,99.993,0.725,latin,-5.017,0.648,0.129,79,193039
0.766,96.037,0.88,latin,-2.906,0.594,0.0505,69,210788
0.671,169.727,0.714,latin,-5.119,0.641,0.362,69,229827
0.617,173.97,0.703,latin,-5.696,0.486,0.151,75,275862
0.626,100.02,0.763,latin,-5.637,0.78,0.0433,85,156171
0.499,99.986,0.791,latin,-8.472,0.669,0.0509,87,222000
0.476,129.992,0.793,latin,-10.515,0.578,0.0406,75,194769
0.71,92.009,0.535,latin,-2.978,0.523,0.324,70,212653
0.668,128.027,0.924,latin,-6.795,0.787,0.0469,93,195824
0.482,100.029,0.69,latin,-6.335,0.356,0.2,88,149074
0.779,128.028,0.937,latin,-3.539,0.95,0.329,71,155625
0.583,115.221,0.669,latin,-8.949,0.271,0.269,83,234716
0.496,100.025,0.696,latin,-7.532,0.476,0.0365,76,184806
0.665,100.09,0.858,latin,-4.772,0.659,0.152,79,195587
0.86,100.019,0.774,latin,-2.888,0.446,0.13,88,196800
0.507,99.994,0.755,latin,-6.76,0.606,0.0684,76,124806
0.599,86.533,0.828,brazilian,-1.624,0.478,0.149,73,171692
0.827,129.949,0.956,brazilian,1.295,0.614,0.222,70,133846
0.99,126.015,0.748,brazilian,-2.39,0.386,0.151,72,118194
0.803,130.028,0.877,brazilian,-3.195,0.795,0.0507,77,61673
0.413,130.078,0.92,brazilian,-7.901,0.679,0.0752,72,138462
0.789,130.053,0.89,brazilian,-1.826,0.758,0.428,69,199615
0.427,80.492,0.492,brazilian,-6.37,0.443,0.372,77,123692
0.669,130.05,0.949,brazilian,-3.922,0.843,0.222,78,132923
0.687,117.008,0.778,brazilian,-8.568,0.839,0.105,78,266667
0.955,130.068,0.679,brazilian,-3.715,0.713,0.0437,71,119221
0.582,84.917,0.615,brazilian,-0.93,0.892,0.364,68,157216
0.96,130.118,0.863,brazilian,-1.458,0.586,0.0492,71,92093
0.907,117.054,0.863,brazilian,-5.077,0.304,0.295,72,107971
0.59,86.429,0.711,brazilian,-5.967,0.702,0.271,70,121384
0.327,90.025,0.707,turkish,-17.176,0.181,0.0687,75,176000
0.729,98.022,0.629,turkish,-5.235,0.427,0.0379,75,154286
0.656,120.001,0.685,turkish,-8.028,0.556,0.0411,70,172000
0.606,95.056,0.831,turkish,-4.84,0.883,0.0626,72,146526
0.914,108.02,0.726,turkish,-4.226,0.839,0.0802,74,181518
0.724,78.753,0.536,turkish,-6.84,0.587,0.152,68,142000
0.622,204.028,0.406,turkish,-7.647,0.567,0.0648,69,196075
0.538,141.894,0.52,hip-hop,-8.109,0.177,0.206,73,345133
0.586,130.012,0.891,hip-hop,-4.665,0.954,0.121,75,134548
0.722,119.973,0.769,hip-hop,-5.485,0.57,0.0507,92,256000
0.84,95.416,0.856,hip-hop,-7.736,0.792,0.334,72,298053
0.818,97.571,0.373,hip-hop,-3.19,0.361,0.102,87,253834
0.803,67.536,0.284,hip-hop,-5.293,0.553,0.173,72,323960
0.86,76.54,0.575,hip-hop,-3.165,0.834,0.23,72,107314
0.579,84.143,0.562,hip-hop,-6.788,0.577,0.484,70,176591
0.621,119.043,0.455,hip-hop,-7.694,0.28,0.0517,82,251250
0.76,80.082,0.435,hip-hop,-4.935,0.206,0.0721,76,351947
0.638,82.81,0.677,hip-hop,-8.631,0.435,0.333,73,211497
0.498,81.958,0.665,hip-hop,-8.185,0.127,0.083,72,179613
0.441,135.028,0.942,hip-hop,-11.448,0.925,0.469,68,144000
0.421,95.977,0.852,hip-hop,-9.153,0.457,0.208,73,202285
0.652,141.981,0.47,hip-hop,-9.629,0.104,0.0561,84,190286
0.574,120.013,0.669,hip-hop,-6.442,0.273,0.0286,84,196400
0.638,94.893,0.809,hip-hop,-5.646,0.608,0.28,68,224043
0.57,129.953,0.734,hip-hop,-7.066,0.689,0.133,81,95467
0.744,82.356,0.798,hip-hop,-5.328,0.794,0.136,78,260000
0.653,142.347,0.493,hip-hop,-5.666,0.852,0.0466,73,121573
0.435,120.058,0.843,hip-hop,-8.442,0.19,0.178,72,208080
0.636,145.972,0.837,hip-hop,-7.643,0.274,0.086,77,288624
0.628,90.482,0.639,hip-hop,-7.578,0.43,0.0398,83,237507
0.354,160.037,0.741,hip-hop,-10.603,0.583,0.0837,78,326933
0.463,111.98,0.809,hip-hop,-11.377,0.364,0.0396,80,298941
0.604,49.305,0.583,hip-hop,-8.437,0.691,0.456,68,99907
0.646,176.153,0.599,hip-hop,-6.326,0.638,0.337,68,220387
0.251,139.999,0.746,hip-hop,-16.169,0.18,0.259,84,120027
0.734,97.044,0.918,hip-hop,-2.832,0.608,0.269,70,230693
0.63,95,0.874,hip-hop,-3.585,0.717,0.298,74,281600
0.506,115.994,0.848,hip-hop,-5.105,0.593,0.0336,69,192693
0.747,86.918,0.67,hip-hop,-7.059,0.918,0.189,79,203493
0.678,117.067,0.595,hip-hop,-5.18,0.259,0.0335,83,99213
0.52,92.869,0.747,hip-hop,-10.523,0.601,0.0357,76,232773
0.533,131.036,0.797,hip-hop,-9.74,0.329,0.0412,84,146520
0.731,174.516,0.552,hip-hop,-6.873,0.632,0.615,72,248613
0.559,78.558,0.558,hip-hop,-9.222,0.62,0.0959,90,180387
0.631,84.166,0.48,hip-hop,-5.488,0.515,0.116,70,195093
0.283,138.97,0.898,hip-hop,-12.335,0.469,0.356,68,216520
0.283,97.04,0.766,hip-hop,-10.33,0.144,0.0846,77,219692
0.648,93.2,0.737,ambient,-5.493,0.746,0.138,77,259354
0.634,101.837,0.502,ambient,-3.367,0.645,0.144,72,219628
0.385,106.312,0.619,ambient,-11.272,0.294,0.118,71,135577
0.651,67.813,0.49,ambient,-6.259,0.567,0.138,68,180594
0.415,113.976,0.823,ambient,-10.845,0.488,0.0637,70,186154
0.801,104.986,0.778,ambient,-7.326,0.914,0.106,70,157714
0.681,139.057,0.918,ambient,-4.705,0.706,0.201,79,229133
0.756,105.024,0.719,ambient,-5.392,0.647,0.0761,72,219500
0.503,99.97,0.792,ambient,-8.044,0.381,0.0626,68,185093
0.463,125.15,0.562,ambient,-7.478,0.416,0.0787,72,247579
0.707,104.027,0.849,ambient,-6.002,0.602,0.113,70,248040
0.501,103.993,0.637,ambient,-6.148,0.431,0.187,68,185461
0.496,109.979,0.812,ambient,-5.969,0.55,0.297,73,241293
0.581,102.964,0.609,ambient,-10.854,0.528,0.277,72,196204
0.642,83.389,0.463,ambient,-4.474,0.339,0.34,82,189893
0.655,92.9,0.649,ambient,-5.534,0.793,0.0652,70,147581
0.549,123.879,0.613,ambient,-8.187,0.78,0.231,71,180000
0.529,112.014,0.782,ambient,-8.626,0.44,0.0592,69,156429
0.00161,140.997,0.138,ambient,-43.643,0.155,0.0532,72,144750
0.277,159.719,0.329,ambient,-13.111,0.121,0.0302,75,289560
0.04,135.965,0.44,ambient,-16.887,0.249,0.0322,77,193749
0.664,129.071,0.575,ambient,-5.303,0.437,0.0481,81,241688
0.581,130.033,0.613,ambient,-8.588,0.551,0.0424,83,239560
0.416,113.986,0.324,ambient,-8.92,0.151,0.0368,83,236053
0.363,121.412,0.531,ambient,-7.672,0.259,0.0608,77,229720
0.394,96.192,0.421,ambient,-8.312,0.399,0.0277,78,211000
0.308,113.95,0.504,ambient,-14.958,0.121,0.0321,88,137773
0.422,144.678,0.718,ambient,-9.115,0.455,0.0621,71,207027
0.449,123.969,0.327,ambient,-5.362,0.179,0.034,68,218755
0.135,82.987,0.387,ambient,-14.398,0.21,0.051,72,216448
0.179,140.01,0.539,ambient,-14.33,0.145,0.0309,72,198027
0.119,70.499,0.467,ambient,-10.99,0.156,0.0401,73,272485
0.0561,79.764,0.319,ambient,-23.023,0.082,0.045,74,242652
0.343,145.115,0.474,ambient,-8.571,0.152,0.027,72,243907
0.156,94.08,0.671,ambient,-16.288,0.201,0.0371,69,211960
0.128,159.679,0.599,ambient,-17.261,0.367,0.109,70,244221
0.129,137.35,0.483,ambient,-20.149,0.203,0.0349,81,161929
0.322,148.005,0.516,ambient,-11.762,0.261,0.0292,80,182888
0.268,102.617,0.371,ambient,-10.506,0.165,0.0281,85,227093
0.338,133.943,0.408,ambient,-13.626,0.1,0.0431,76,177609
0.289,129.753,0.531,ambient,-10.065,0.12,0.0286,75,393962
0.276,201.025,0.334,ambient,-13.125,0.429,0.0643,79,271177
0.304,78.997,0.538,ambient,-11.79,0.065,0.0352,70,228071
0.377,101.96,0.606,ambient,-9.455,0.446,0.0275,71,258813
0.31,137.474,0.509,ambient,-10.623,0.151,0.0313,73,208653
0.225,104.007,0.554,ambient,-11.324,0.221,0.0281,72,239880
0.425,102.078,0.357,ambient,-7.301,0.27,0.0333,83,198040
0.468,94.434,0.369,ambient,-9.013,0.18,0.0273,87,290617
0.407,117.053,0.457,ambient,-11.475,0.126,0.0308,78,257533
0.664,107.747,0.404,ambient,-6.698,0.0949,0.0407,80,351640
0.526,130.694,0.521,ambient,-6.032,0.502,0.0281,74,268293
0.367,77.968,0.395,ambient,-7.653,0.426,0.0324,75,177212
0.347,141.332,0.409,ambient,-8.159,0.199,0.0359,72,205484
0.483,144.99,0.617,ambient,-7.359,0.176,0.0458,73,152318
0.199,165.476,0.48,ambient,-12.398,0.201,0.0329,71,221510
0.288,110.927,0.687,ambient,-10.415,0.308,0.045,70,194887
0.11,81.876,0.415,ambient,-14.901,0.234,0.0388,68,240147
0.0972,86.686,0.443,ambient,-16.496,0.289,0.0793,68,100716
0.245,103.777,0.34,ambient,-13.352,0.192,0.0319,78,339891
0.348,110.019,0.631,ambient,-10.285,0.32,0.0343,68,232992
0.159,72.38,0.403,ambient,-16.728,0.0381,0.104,75,234761
0.529,161.989,0.671,hip-hop,-7.226,0.203,0.307,83,165820
0.663,184.057,0.672,hip-hop,-5.984,0.381,0.243,76,138324
0.561,148.775,0.686,hip-hop,-9.929,0.186,0.191,72,116240
0.819,94.011,0.565,hip-hop,-7.899,0.682,0.0668,71,176874
0.767,160.084,0.718,hip-hop,-5.641,0.519,0.166,70,156000
0.653,150.097,0.547,hip-hop,-3.875,0.163,0.081,74,174853
0.534,93.924,0.832,hip-hop,-7.813,0.116,0.253,78,132833
0.662,112.509,0.897,hip-hop,-6.903,0.39,0.292,79,145543
0.515,120.1,0.567,hip-hop,-10.265,0.321,0.247,73,224000
0.651,163.935,0.665,hip-hop,-5.515,0.237,0.156,77,175755
0.55,124.13,0.629,hip-hop,-6.772,0.154,0.0543,68,189487
0.671,179.987,0.684,hip-hop,-6.424,0.45,0.289,73,171253
0.8,139.918,0.498,hip-hop,-2.665,0.272,0.0503,73,229573
0.54,143.968,0.634,hip-hop,-7.002,0.543,0.0777,71,149360
0.545,97.008,0.809,hip-hop,-6.678,0.244,0.0734,73,180435
0.369,140.004,0.735,hip-hop,-9.682,0.235,0.0688,73,222997
0.662,150.047,0.709,hip-hop,-4.55,0.439,0.0767,70,218349
0.75,155.096,0.732,hip-hop,-6.366,0.401,0.231,81,182707
0.588,114.929,0.712,hip-hop,-5.332,0.471,0.0543,70,120035
0.538,99.952,0.829,hip-hop,-7.359,0.389,0.212,77,149547
0.507,130.007,0.872,hip-hop,-6.323,0.506,0.072,76,158667
0.631,105.989,0.648,hip-hop,-5.662,0.142,0.104,71,349933
0.646,127.978,0.946,hip-hop,-6.604,0.961,0.21,73,246988
0.814,144.991,0.625,hip-hop,-5.181,0.535,0.0657,75,205485
0.779,123.013,0.724,hip-hop,-5.412,0.53,0.0807,78,144390
0.763,120.042,0.695,hip-hop,-3.497,0.551,0.0396,83,215280
0.782,94.03,0.701,hip-hop,-4.987,0.57,0.138,77,156040
0.88,169.949,0.49,hip-hop,-4.856,0.392,0.0435,75,184013
0.551,113.535,0.748,korean,-9.054,0.65,0.0239,74,262240
0.526,124.709,0.558,korean,-4.686,0.202,0.033,69,192441
0.614,136.628,0.553,korean,-5.098,0.345,0.0306,71,242679
0.506,133.403,0.469,korean,-6.283,0.217,0.0291,70,233031
0.384,139.009,0.437,korean,-8.384,0.181,0.042,69,209947
0.557,114.019,0.815,korean,-7.166,0.482,0.0318,69,202516
0.326,134.049,0.46,korean,-8.226,0.214,0.0304,69,244187
0.76,130.096,0.512,korean,-5.889,0.495,0.0682,68,210928
0.645,85.046,0.714,world,-5.493,0.434,0.0514,70,180930
0.321,110.827,0.68,world,-10.944,0.416,0.0376,77,215986
0.499,93.99,0.796,world,-6.166,0.798,0.0404,71,266016
0.588,79.989,0.675,world,-7.168,0.879,0.177,69,189867
0.533,130.02,0.645,folk,-11.65,0.349,0.0351,76,180923
0.615,84.07,0.775,hip-hop,-5.682,0.918,0.368,74,197143
0.798,86.638,0.509,hip-hop,-4.472,0.48,0.235,70,180345
0.606,175.917,0.656,hip-hop,-5.948,0.38,0.363,68,175909
0.702,180.219,0.711,hip-hop,-10.048,0.674,0.233,68,148188
0.78,171.285,0.461,hip-hop,-5.004,0.448,0.363,75,227442
0.431,94,0.881,hip-hop,-11.093,0.246,0.0914,71,174730
0.455,99.958,0.796,hip-hop,-7.763,0.352,0.0997,73,117606
0.362,115.974,0.967,hip-hop,-11.374,0.633,0.159,69,139134
0.627,89.998,0.742,hip-hop,-8.939,0.356,0.0533,75,183757
0.572,88.041,0.742,hip-hop,-8.163,0.644,0.0743,70,196898
0.684,100.042,0.769,hip-hop,-6.113,0.483,0.148,68,161000
0.566,85.953,0.794,hip-hop,-8.35,0.68,0.0602,72,226933
0.512,144.926,0.848,hip-hop,-7.757,0.881,0.118,75,159222
0.75,139.979,0.831,hip-hop,-5.42,0.662,0.153,70,183429
0.733,92.969,0.864,hip-hop,-3.292,0.183,0.0713,71,128098
0.356,83.679,0.708,hip-hop,-9.738,0.569,0.075,75,263185
0.718,89.906,0.716,hip-hop,-5.348,0.91,0.148,73,154667
0.745,180.098,0.464,hip-hop,-3.202,0.262,0.161,85,190667
0.661,76.71,0.836,reggae,-6.502,0.753,0.338,68,213200
0.782,119.992,0.727,electronic,-8.529,0.655,0.042,68,177599
0.787,119.996,0.704,electronic,-6.751,0.31,0.0462,83,214000
0.577,119.986,0.795,electronic,-9.638,0.206,0.0648,75,248000
0.872,122.028,0.43,electronic,-7.821,0.136,0.0522,69,184500
0.946,120.036,0.542,electronic,-6.048,0.229,0.0425,71,140500
0.797,122.011,0.702,electronic,-6.635,0.0356,0.0557,79,208525
0.723,123.993,0.787,electronic,-6.995,0.579,0.152,70,197695
0.879,123.004,0.741,electronic,-6.132,0.362,0.0425,68,201713
0.57,121.843,0.655,electronic,-11.475,0.487,0.0487,70,253770
0.637,120.033,0.847,electronic,-8.751,0.0509,0.0587,74,208135
0.83,120.97,0.808,electronic,-8.238,0.465,0.0356,69,213768
0.0516,87.587,0.27,classical,-33.766,0.199,0.0442,71,64788
0.0582,132.614,0.191,classical,-25.398,0.0454,0.0578,70,357707
0.146,172.13,0.265,classical,-21.134,0.416,0.0323,71,154500
0.0559,95.217,0.396,classical,-20.707,0.278,0.0599,70,78413
0.138,128.563,0.34,classical,-24.95,0.325,0.0357,72,137547
0.0968,62.881,0.286,classical,-16.806,0.0395,0.0323,71,275556
0.874,91.038,0.532,electronic,-5.183,0.361,0.0482,73,258413
0.149,82.019,0.485,electronic,-20.394,0.112,0.0282,70,99672
0.0823,67.238,0.252,electronic,-27.338,0.0381,0.0344,70,86320
0.855,117.987,0.534,electronic,-7.578,0.601,0.0342,69,218384
0.641,141.931,0.529,electronic,-6.78,0.089,0.0336,74,277711
0.754,170.084,0.564,electronic,-8.849,0.457,0.0646,68,212939
0.715,113.861,0.552,electronic,-9.291,0.858,0.0524,72,69565
0.687,106.896,0.605,electronic,-13.928,0.12,0.045,70,345187
0.91,130.032,0.528,electronic,-7.309,0.137,0.0366,73,222000
0.573,140.04,0.911,hip-hop,-7.43,0.972,0.288,77,97393
0.413,146.05,0.747,hip-hop,-11.197,0.481,0.488,72,174247
0.332,141.849,0.885,hip-hop,-8.62,0.423,0.848,69,108169
0.674,140.065,0.922,hip-hop,-4.429,0.726,0.366,69,198027
0.731,149.987,0.583,rock,-6.18,0.446,0.0271,74,267600
0.731,97.007,0.751,rock,-4.419,0.973,0.0308,72,216707
0.84,97.027,0.673,rock,-3.564,0.94,0.0559,72,205373
0.758,129.944,0.696,rock,-6.077,0.858,0.0263,77,250693
0.447,121.989,0.657,rock,-13.148,0.523,0.0303,70,268867
0.777,123.003,0.649,rock,-3.546,0.667,0.0397,70,222987
0.592,170.391,0.332,rock,-6.127,0.31,0.0371,77,205160
0.523,173.85,0.452,rock,-6.453,0.363,0.0625,75,193827
0.715,84.098,0.487,rock,-4.417,0.638,0.0519,68,238133
0.659,106.196,0.648,rock,-6.369,0.532,0.0259,68,206133
0.85,125.796,0.374,rock,-5.657,0.348,0.0404,68,253187
0.643,76.979,0.601,rock,-4.581,0.387,0.0272,70,196360
0.479,123.217,0.425,rock,-12.22,0.279,0.0419,72,215867
0.553,126.043,0.487,rock,-11.197,0.699,0.0425,73,288600
0.358,145.751,0.715,rock,-15.522,0.742,0.033,68,254267
0.759,124.725,0.791,rock,-5.67,0.917,0.037,69,214880
0.936,172.547,0.594,rock,-4.722,0.39,0.0944,78,194080
0.735,123.57,0.714,rock,-7.125,0.68,0.0306,77,222227
0.631,112.481,0.781,rock,-7.615,0.909,0.0307,68,225080
0.854,148.003,0.634,rock,-3.444,0.564,0.0369,74,310813
0.879,133.946,0.742,indian,-4.274,0.936,0.0328,72,227091
0.824,172.006,0.77,indian,-6.491,0.49,0.0851,70,178605
0.809,116.015,0.732,electronic,-7.264,0.253,0.0878,70,232147
0.797,97.988,0.811,electronic,-5.428,0.541,0.165,68,171133
0.807,155.397,0.525,electronic,-6.366,0.741,0.0725,68,215933
0.593,119.958,0.79,electronic,-9.204,0.72,0.0776,75,206067
0.831,132.029,0.798,electronic,-4.481,0.721,0.171,71,189091
0.913,123.58,0.606,electronic,-6.039,0.838,0.0351,70,266600
0.449,114.924,0.669,electronic,-7.658,0.327,0.049,77,213493
0.255,95.978,0.375,electronic,-12.279,0.331,0.0377,74,316280
0.629,70.568,0.513,electronic,-9.055,0.498,0.19,70,213933
0.583,126.036,0.793,electronic,-5.973,0.97,0.247,71,217260
0.681,101.005,0.798,electronic,-4.818,0.434,0.0722,73,188485
0.638,109.96,0.701,electronic,-9.061,0.646,0.165,68,210933
0.852,119.892,0.779,electronic,-3.353,0.601,0.0651,74,237093
0.717,117.952,0.753,electronic,-8.438,0.601,0.0384,68,146441
0.627,118.093,0.788,electronic,-9.072,0.909,0.0751,74,165894
0.708,130.081,0.872,electronic,-7.472,0.308,0.176,69,169846
0.569,115.03,0.772,electronic,-7.006,0.525,0.062,71,246979
0.709,130.081,0.872,electronic,-7.472,0.309,0.176,71,169846
0.533,102.025,0.863,indie,-7.986,0.738,0.0484,71,249957
0.873,97.96,0.621,indie,-3.067,0.873,0.0369,79,237800
0.924,168.017,0.598,indie,-4.974,0.611,0.0623,76,162339
0.664,118.018,0.731,indie,-5.474,0.661,0.0302,68,239267
0.655,92.9,0.649,latin,-5.534,0.793,0.0652,70,147581
0.781,107.007,0.811,latin,-6.333,0.824,0.0428,69,219813
0.503,99.97,0.792,latin,-8.044,0.381,0.0626,68,185093
0.501,103.993,0.637,latin,-6.148,0.431,0.187,68,185461
0.485,100.053,0.843,latin,-8.735,0.689,0.195,68,192418
0.549,123.879,0.613,latin,-8.187,0.78,0.231,71,180000
0.649,113.009,0.788,latin,-9.674,0.229,0.0532,69,169912
0.422,124.357,0.573,latin,-7.621,0.693,0.0678,76,184791
0.725,105.016,0.711,latin,-8.315,0.53,0.0941,74,183057
0.809,99.005,0.724,latin,-5.022,0.606,0.0929,69,194040
0.642,83.389,0.463,latin,-4.474,0.339,0.34,82,189893
0.89,126.881,0.645,pop,-4.985,0.421,0.128,69,205087